
insert into JEDA_USER(USER_ID,USER_NAME,USER_PASSWORD,USER_ENABLED,USER_ACCOUNT_NONEXPIRED,USER_ACCOUNT_NONLOCKED,USER_CREDENTIALS_NONEXPIRED) values ('admin','管理员','0192023a7bbd73250516f069df18b500',1,1,1,1);

--insert into JEDA_ORG (ORG_ID,ORG_NAME,PARENT_ORG_ID,ORG_CONTACT,ORG_ADDRESS,ORG_TEL,ORG_LEVEL,ORG_PATH,ORG_ENABLED,ORG_ORDER,ORG_TYPE,ORG_PROPERTY,ORG_CREATOR,ORG_CREATED,ORG_MODIFIER,ORG_MODIFIED) values ('1000','总行',null,'','','',1,'1000',1,1,'1','1','admin',sysdate,'admin',sysdate);
--insert into JEDA_ORG (ORG_ID,ORG_NAME,PARENT_ORG_ID,ORG_CONTACT,ORG_ADDRESS,ORG_TEL,ORG_LEVEL,ORG_PATH,ORG_ENABLED,ORG_ORDER,ORG_TYPE,ORG_PROPERTY,ORG_CREATOR,ORG_CREATED,ORG_MODIFIER,ORG_MODIFIED) values ('1001','北京市分行','1000','','','',2,'1000|1001',1,1,'1','1','admin',sysdate,'admin',sysdate);
--insert into JEDA_ORG (ORG_ID,ORG_NAME,PARENT_ORG_ID,ORG_CONTACT,ORG_ADDRESS,ORG_TEL,ORG_LEVEL,ORG_PATH,ORG_ENABLED,ORG_ORDER,ORG_TYPE,ORG_PROPERTY,ORG_CREATOR,ORG_CREATED,ORG_MODIFIER,ORG_MODIFIED) values ('1002','中关村支行','1001','','','',3,'1000|1001|1002',1,1,'1','1','admin',sysdate,'admin',sysdate);
--insert into JEDA_ORG (ORG_ID,ORG_NAME,PARENT_ORG_ID,ORG_CONTACT,ORG_ADDRESS,ORG_TEL,ORG_LEVEL,ORG_PATH,ORG_ENABLED,ORG_ORDER,ORG_TYPE,ORG_PROPERTY,ORG_CREATOR,ORG_CREATED,ORG_MODIFIER,ORG_MODIFIED) values ('1003','上地支行','1001','','','',3,'1000|1001|1003',1,1,'1','1','admin',sysdate,'admin',sysdate);
--insert into JEDA_ORG (ORG_ID,ORG_NAME,PARENT_ORG_ID,ORG_CONTACT,ORG_ADDRESS,ORG_TEL,ORG_LEVEL,ORG_PATH,ORG_ENABLED,ORG_ORDER,ORG_TYPE,ORG_PROPERTY,ORG_CREATOR,ORG_CREATED,ORG_MODIFIER,ORG_MODIFIED) values ('1004','西城支行','1001','','','',3,'1000|1001|1004',1,1,'1','1','admin',sysdate,'admin',sysdate);
--insert into JEDA_ORG (ORG_ID,ORG_NAME,PARENT_ORG_ID,ORG_CONTACT,ORG_ADDRESS,ORG_TEL,ORG_LEVEL,ORG_PATH,ORG_ENABLED,ORG_ORDER,ORG_TYPE,ORG_PROPERTY,ORG_CREATOR,ORG_CREATED,ORG_MODIFIER,ORG_MODIFIED) values ('1005','上海市分行','1000','','','',2,'1000|1005',1,1,'1','1','admin',sysdate,'admin',sysdate);
--insert into JEDA_ORG (ORG_ID,ORG_NAME,PARENT_ORG_ID,ORG_CONTACT,ORG_ADDRESS,ORG_TEL,ORG_LEVEL,ORG_PATH,ORG_ENABLED,ORG_ORDER,ORG_TYPE,ORG_PROPERTY,ORG_CREATOR,ORG_CREATED,ORG_MODIFIER,ORG_MODIFIED) values ('1006','广东省分行','1000','','','',2,'1000|1006',1,1,'1','1','admin',sysdate,'admin',sysdate);
--insert into JEDA_ORG (ORG_ID,ORG_NAME,PARENT_ORG_ID,ORG_CONTACT,ORG_ADDRESS,ORG_TEL,ORG_LEVEL,ORG_PATH,ORG_ENABLED,ORG_ORDER,ORG_TYPE,ORG_PROPERTY,ORG_CREATOR,ORG_CREATED,ORG_MODIFIER,ORG_MODIFIED) values ('1007','深圳市支行','1006','','','',3,'1000|1006|1007',1,1,'1','1','admin',sysdate,'admin',sysdate);
--insert into JEDA_ORG (ORG_ID,ORG_NAME,PARENT_ORG_ID,ORG_CONTACT,ORG_ADDRESS,ORG_TEL,ORG_LEVEL,ORG_PATH,ORG_ENABLED,ORG_ORDER,ORG_TYPE,ORG_PROPERTY,ORG_CREATOR,ORG_CREATED,ORG_MODIFIER,ORG_MODIFIED) values ('1008','江苏省分行','1000','','','',2,'1000|1008',1,1,'1','1','admin',sysdate,'admin',sysdate);
insert into JEDA_ORG (ORG_ID, ORG_NAME, PARENT_ORG_ID, ORG_DESCRIPTION, ORG_TEL, ORG_ADDRESS, ORG_CONTACT, ORG_PATH, ORG_LEVEL, ORG_ENABLED, ORG_TYPE, ORG_PROPERTY, ORG_ORDER, ORG_VERSION, ORG_CREATOR, ORG_CREATED, ORG_MODIFIER, ORG_MODIFIED)
values ('1000', '总行科技部', null, null, null, null, null, '1000', '1', 1, '1', '1', 1, 0, 'admin', sysdate, '', sysdate);
insert into JEDA_ORG (ORG_ID, ORG_NAME, PARENT_ORG_ID, ORG_DESCRIPTION, ORG_TEL, ORG_ADDRESS, ORG_CONTACT, ORG_PATH, ORG_LEVEL, ORG_ENABLED, ORG_TYPE, ORG_PROPERTY, ORG_ORDER, ORG_VERSION, ORG_CREATOR, ORG_CREATED, ORG_MODIFIER, ORG_MODIFIED)
values ('1001', '运维中心', '1000', null, null, null, null, '1000|1001', '2', 1, '1', '1', 1, 0, 'admin', sysdate, '', sysdate);
insert into JEDA_ORG (ORG_ID, ORG_NAME, PARENT_ORG_ID, ORG_DESCRIPTION, ORG_TEL, ORG_ADDRESS, ORG_CONTACT, ORG_PATH, ORG_LEVEL, ORG_ENABLED, ORG_TYPE, ORG_PROPERTY, ORG_ORDER, ORG_VERSION, ORG_CREATOR, ORG_CREATED, ORG_MODIFIER, ORG_MODIFIED)
values ('1002', '二线', '1001', null, null, null, null, '1000|1001|1002', '3', 1, '1', '1', 1, 0, 'admin', sysdate, '', sysdate);
insert into JEDA_ORG (ORG_ID, ORG_NAME, PARENT_ORG_ID, ORG_DESCRIPTION, ORG_TEL, ORG_ADDRESS, ORG_CONTACT, ORG_PATH, ORG_LEVEL, ORG_ENABLED, ORG_TYPE, ORG_PROPERTY, ORG_ORDER, ORG_VERSION, ORG_CREATOR, ORG_CREATED, ORG_MODIFIER, ORG_MODIFIED)
values ('1003', '一线', '1001', null, null, null, null, '1000|1001|1003', '3', 1, '1', '1', 1, 0, 'admin', sysdate, '', sysdate);
insert into JEDA_ORG (ORG_ID, ORG_NAME, PARENT_ORG_ID, ORG_DESCRIPTION, ORG_TEL, ORG_ADDRESS, ORG_CONTACT, ORG_PATH, ORG_LEVEL, ORG_ENABLED, ORG_TYPE, ORG_PROPERTY, ORG_ORDER, ORG_VERSION, ORG_CREATOR, ORG_CREATED, ORG_MODIFIER, ORG_MODIFIED)
values ('1005', '测试中心', '1000', null, null, null, null, '1000|1005', '2', 1, '1', '1', 1, 0, 'admin', sysdate, '', sysdate);
insert into JEDA_ORG (ORG_ID, ORG_NAME, PARENT_ORG_ID, ORG_DESCRIPTION, ORG_TEL, ORG_ADDRESS, ORG_CONTACT, ORG_PATH, ORG_LEVEL, ORG_ENABLED, ORG_TYPE, ORG_PROPERTY, ORG_ORDER, ORG_VERSION, ORG_CREATOR, ORG_CREATED, ORG_MODIFIER, ORG_MODIFIED)
values ('1006', '开发中心', '1000', null, null, null, null, '1000|1006', '2', 1, '1', '1', 1, 0, 'admin', sysdate, '', sysdate);
insert into JEDA_ORG (ORG_ID, ORG_NAME, PARENT_ORG_ID, ORG_DESCRIPTION, ORG_TEL, ORG_ADDRESS, ORG_CONTACT, ORG_PATH, ORG_LEVEL, ORG_ENABLED, ORG_TYPE, ORG_PROPERTY, ORG_ORDER, ORG_VERSION, ORG_CREATOR, ORG_CREATED, ORG_MODIFIER, ORG_MODIFIED)
values ('1007', '深圳市支行', '1006', null, null, null, null, '1000|1006|1007', '3', 1, '1', '1', 1, 0, 'admin', sysdate, '', sysdate);


insert into JEDA_MODULE (MODULE_ID,MODULE_NAME,MODULE_ORDER,MODULE_CREATOR,MODULE_CREATED,MODULE_MODIFIER,MODULE_MODIFIED) values ('ORG','机构管理',0,'admin',sysdate,'admin',sysdate);
insert into JEDA_MODULE (MODULE_ID,MODULE_NAME,MODULE_ORDER,MODULE_CREATOR,MODULE_CREATED,MODULE_MODIFIER,MODULE_MODIFIED) values ('USER','用户管理',1,'admin',sysdate,'admin',sysdate);
insert into JEDA_MODULE (MODULE_ID,MODULE_NAME,MODULE_ORDER,MODULE_CREATOR,MODULE_CREATED,MODULE_MODIFIER,MODULE_MODIFIED) values ('MENU','菜单管理',2,'admin',sysdate,'admin',sysdate);
insert into JEDA_MODULE (MODULE_ID,MODULE_NAME,MODULE_ORDER,MODULE_CREATOR,MODULE_CREATED,MODULE_MODIFIER,MODULE_MODIFIED) values ('ROLE','角色管理',3,'admin',sysdate,'admin',sysdate);
insert into JEDA_MODULE (MODULE_ID,MODULE_NAME,MODULE_ORDER,MODULE_CREATOR,MODULE_CREATED,MODULE_MODIFIER,MODULE_MODIFIED) values ('POSITION','岗位管理',4,'admin',sysdate,'admin',sysdate);
insert into JEDA_MODULE (MODULE_ID,MODULE_NAME,MODULE_ORDER,MODULE_CREATOR,MODULE_CREATED,MODULE_MODIFIER,MODULE_MODIFIED) values ('FUNCTION','功能管理',5,'admin',sysdate,'admin',sysdate);
insert into JEDA_MODULE (MODULE_ID,MODULE_NAME,MODULE_ORDER,MODULE_CREATOR,MODULE_CREATED,MODULE_MODIFIER,MODULE_MODIFIED) values ('MODULE','模块管理',6,'admin',sysdate,'admin',sysdate);
insert into JEDA_MODULE (MODULE_ID,MODULE_NAME,MODULE_ORDER,MODULE_CREATOR,MODULE_CREATED,MODULE_MODIFIER,MODULE_MODIFIED) values ('PERMISSION','权限管理',7,'admin',sysdate,'admin',sysdate);
insert into JEDA_MODULE (MODULE_ID,MODULE_NAME,MODULE_ORDER,MODULE_CREATOR,MODULE_CREATED,MODULE_MODIFIER,MODULE_MODIFIED) values ('LOG','平台日志',8,'admin',sysdate,'admin',sysdate);
insert into JEDA_MODULE (MODULE_ID,MODULE_NAME,MODULE_ORDER,MODULE_CREATOR,MODULE_CREATED,MODULE_MODIFIER,MODULE_MODIFIED) values ('CONFIG_PROPERTY','系统属性',50,'admin',sysdate,'admin',sysdate);
insert into JEDA_MODULE (MODULE_ID,MODULE_NAME,MODULE_ORDER,MODULE_CREATOR,MODULE_CREATED,MODULE_MODIFIER,MODULE_MODIFIED) values ('CONFIG_LOG','日志管理',53,'admin',sysdate,'admin',sysdate);
insert into JEDA_MODULE (MODULE_ID,MODULE_NAME,MODULE_ORDER,MODULE_CREATOR,MODULE_CREATED,MODULE_MODIFIER,MODULE_MODIFIED) values ('OTHER','其他',100,'admin',sysdate,'admin',sysdate);

insert into JEDA_FUNCTION (FUNCTION_ID,FUNCTION_NAME,FUNCTION_URL,FUNCTION_HAS_PERMISSION,FUNCTION_ORDER,MODULE_ID,FUNCTION_CREATOR,FUNCTION_CREATED,FUNCTION_MODIFIER,FUNCTION_MODIFIED) values ('INDEX','首页','/',0,0,'OTHER','admin',sysdate,'admin',sysdate);
insert into JEDA_FUNCTION (FUNCTION_ID,FUNCTION_NAME,FUNCTION_URL,FUNCTION_HAS_PERMISSION,FUNCTION_ORDER,MODULE_ID,FUNCTION_CREATOR,FUNCTION_CREATED,FUNCTION_MODIFIER,FUNCTION_MODIFIED) values ('ORG_CREATE','机构新建','/jeda/org/create*',0,101010,'ORG','admin',sysdate,'admin',sysdate);
insert into JEDA_FUNCTION (FUNCTION_ID,FUNCTION_NAME,FUNCTION_URL,FUNCTION_HAS_PERMISSION,FUNCTION_ORDER,MODULE_ID,FUNCTION_CREATOR,FUNCTION_CREATED,FUNCTION_MODIFIER,FUNCTION_MODIFIED) values ('ORG_DELETE','机构删除','/jeda/org/edit*',0,101011,'ORG','admin',sysdate,'admin',sysdate);
insert into JEDA_FUNCTION (FUNCTION_ID,FUNCTION_NAME,FUNCTION_URL,FUNCTION_HAS_PERMISSION,FUNCTION_ORDER,MODULE_ID,FUNCTION_CREATOR,FUNCTION_CREATED,FUNCTION_MODIFIER,FUNCTION_MODIFIED) values ('ORG_EDIT','机构修改','/jeda/org/delete*',0,101012,'ORG','admin',sysdate,'admin',sysdate);
insert into JEDA_FUNCTION (FUNCTION_ID,FUNCTION_NAME,FUNCTION_URL,FUNCTION_HAS_PERMISSION,FUNCTION_ORDER,MODULE_ID,FUNCTION_CREATOR,FUNCTION_CREATED,FUNCTION_MODIFIER,FUNCTION_MODIFIED) values ('ORG_LIST','机构查询','/jeda/org/index*',1,101013,'ORG','admin',sysdate,'admin',sysdate);
insert into JEDA_FUNCTION (FUNCTION_ID,FUNCTION_NAME,FUNCTION_URL,FUNCTION_HAS_PERMISSION,FUNCTION_ORDER,MODULE_ID,FUNCTION_CREATOR,FUNCTION_CREATED,FUNCTION_MODIFIER,FUNCTION_MODIFIED) values ('ORG_ENABLE','机构启用','/jeda/org/enabled*',0,101014,'ORG','admin',sysdate,'admin',sysdate);
insert into JEDA_FUNCTION (FUNCTION_ID,FUNCTION_NAME,FUNCTION_URL,FUNCTION_HAS_PERMISSION,FUNCTION_ORDER,MODULE_ID,FUNCTION_CREATOR,FUNCTION_CREATED,FUNCTION_MODIFIER,FUNCTION_MODIFIED) values ('ORG_DISABLE','机构停用','/jeda/org/disabled*',0,101015,'ORG','admin',sysdate,'admin',sysdate);
insert into JEDA_FUNCTION (FUNCTION_ID,FUNCTION_NAME,FUNCTION_URL,FUNCTION_HAS_PERMISSION,FUNCTION_ORDER,MODULE_ID,FUNCTION_CREATOR,FUNCTION_CREATED,FUNCTION_MODIFIER,FUNCTION_MODIFIED) values ('USER_CREATE','用户新建','/jeda/user/create*',0,101020,'USER','admin',sysdate,'admin',sysdate);
insert into JEDA_FUNCTION (FUNCTION_ID,FUNCTION_NAME,FUNCTION_URL,FUNCTION_HAS_PERMISSION,FUNCTION_ORDER,MODULE_ID,FUNCTION_CREATOR,FUNCTION_CREATED,FUNCTION_MODIFIER,FUNCTION_MODIFIED) values ('USER_DELETE','用户删除','/jeda/user/delete*',0,101021,'USER','admin',sysdate,'admin',sysdate);
insert into JEDA_FUNCTION (FUNCTION_ID,FUNCTION_NAME,FUNCTION_URL,FUNCTION_HAS_PERMISSION,FUNCTION_ORDER,MODULE_ID,FUNCTION_CREATOR,FUNCTION_CREATED,FUNCTION_MODIFIER,FUNCTION_MODIFIED) values ('USER_EDIT','用户修改','/jeda/user/edit*',0,101022,'USER','admin',sysdate,'admin',sysdate);
insert into JEDA_FUNCTION (FUNCTION_ID,FUNCTION_NAME,FUNCTION_URL,FUNCTION_HAS_PERMISSION,FUNCTION_ORDER,MODULE_ID,FUNCTION_CREATOR,FUNCTION_CREATED,FUNCTION_MODIFIER,FUNCTION_MODIFIED) values ('USER_LIST','用户查询','/jeda/user/index*',1,101023,'USER','admin',sysdate,'admin',sysdate);
insert into JEDA_FUNCTION (FUNCTION_ID,FUNCTION_NAME,FUNCTION_URL,FUNCTION_HAS_PERMISSION,FUNCTION_ORDER,MODULE_ID,FUNCTION_CREATOR,FUNCTION_CREATED,FUNCTION_MODIFIER,FUNCTION_MODIFIED) values ('USER_ENABLE','用户启用','/jeda/user/enabled*',0,101024,'USER','admin',sysdate,'admin',sysdate);
insert into JEDA_FUNCTION (FUNCTION_ID,FUNCTION_NAME,FUNCTION_URL,FUNCTION_HAS_PERMISSION,FUNCTION_ORDER,MODULE_ID,FUNCTION_CREATOR,FUNCTION_CREATED,FUNCTION_MODIFIER,FUNCTION_MODIFIED) values ('USER_DISABLE','用户停用','/jeda/user/disabled*',0,101025,'USER','admin',sysdate,'admin',sysdate);
insert into JEDA_FUNCTION (FUNCTION_ID,FUNCTION_NAME,FUNCTION_URL,FUNCTION_HAS_PERMISSION,FUNCTION_ORDER,MODULE_ID,FUNCTION_CREATOR,FUNCTION_CREATED,FUNCTION_MODIFIER,FUNCTION_MODIFIED) values ('USER_ROLE','用户授权','/jeda/user/role*',0,101026,'USER','admin',sysdate,'admin',sysdate);

--系统配置功能
insert into JEDA_FUNCTION (FUNCTION_ID,FUNCTION_NAME,FUNCTION_URL,FUNCTION_HAS_PERMISSION,FUNCTION_ORDER,MODULE_ID,FUNCTION_CREATOR,FUNCTION_CREATED,FUNCTION_MODIFIER,FUNCTION_MODIFIED) values ('PROPERTY_LIST','系统属性查询','/cpms/platform/property/list*',1,201010,'CONFIG_PROPERTY','admin',sysdate,'admin',sysdate);
insert into JEDA_FUNCTION (FUNCTION_ID,FUNCTION_NAME,FUNCTION_URL,FUNCTION_HAS_PERMISSION,FUNCTION_ORDER,MODULE_ID,FUNCTION_CREATOR,FUNCTION_CREATED,FUNCTION_MODIFIER,FUNCTION_MODIFIED) values ('LOG_LIST','日志查询','/cpms/platform/log/query*',1,201014,'CONFIG_LOG','admin',sysdate,'admin',sysdate);

insert into JEDA_ROLE (ROLE_ID,ROLE_NAME,ROLE_ORDER,ROLE_CREATOR,ROLE_CREATED,ROLE_MODIFIER,ROLE_MODIFIED) values ('Administrator','超级管理员',0,'admin',sysdate,'admin',sysdate);

insert into JEDA_ROLE_USER (ROLE_ID,USER_ID) values ('Administrator','admin');

insert into JEDA_ROLE_FUNCTION (FUNCTION_ID,ROLE_ID) values ('INDEX','Administrator');
insert into JEDA_ROLE_FUNCTION (FUNCTION_ID,ROLE_ID) values ('ORG_CREATE','Administrator');
insert into JEDA_ROLE_FUNCTION (FUNCTION_ID,ROLE_ID) values ('ORG_DELETE','Administrator');
insert into JEDA_ROLE_FUNCTION (FUNCTION_ID,ROLE_ID) values ('ORG_EDIT','Administrator');
insert into JEDA_ROLE_FUNCTION (FUNCTION_ID,ROLE_ID) values ('ORG_LIST','Administrator');
insert into JEDA_ROLE_FUNCTION (FUNCTION_ID,ROLE_ID) values ('ORG_ENABLE','Administrator');
insert into JEDA_ROLE_FUNCTION (FUNCTION_ID,ROLE_ID) values ('ORG_DISABLE','Administrator');
insert into JEDA_ROLE_FUNCTION (FUNCTION_ID,ROLE_ID) values ('USER_CREATE','Administrator');
insert into JEDA_ROLE_FUNCTION (FUNCTION_ID,ROLE_ID) values ('USER_DELETE','Administrator');
insert into JEDA_ROLE_FUNCTION (FUNCTION_ID,ROLE_ID) values ('USER_EDIT','Administrator');
insert into JEDA_ROLE_FUNCTION (FUNCTION_ID,ROLE_ID) values ('USER_LIST','Administrator');
insert into JEDA_ROLE_FUNCTION (FUNCTION_ID,ROLE_ID) values ('USER_ENABLE','Administrator');
insert into JEDA_ROLE_FUNCTION (FUNCTION_ID,ROLE_ID) values ('USER_DISABLE','Administrator');
insert into JEDA_ROLE_FUNCTION (FUNCTION_ID,ROLE_ID) values ('USER_ROLE','Administrator');

insert into JEDA_ROLE_FUNCTION (FUNCTION_ID,ROLE_ID) values ('PROPERTY_LIST','Administrator');
insert into JEDA_ROLE_FUNCTION (FUNCTION_ID,ROLE_ID) values ('LOG_LIST','Administrator');

insert into JEDA_PROPERTY ( PROPERTY_ID,PROPERTY_TAB_SIZE,PROPERTY_FILE_ROOT,PROPERTY_COPYRIGHT,PROPERTY_APP_TITLE,PROPERTY_TREE_MENU) values (0,15,'/','光大银行','运维自动化操作管理平台',1);

insert into JEDA_MENU (MENU_ID,MENU_NAME,MENU_URL,PARENT_MENU_ID,MENU_ICON,MENU_IFRAME,MENU_ORDER,MENU_CREATOR,MENU_CREATED,MENU_MODIFIER,MENU_MODIFIED) values('SECURITY','系统安全','',null,'security',0,100,'admin',sysdate,'admin',sysdate);
insert into JEDA_MENU (MENU_ID,MENU_NAME,MENU_URL,PARENT_MENU_ID,MENU_ICON,MENU_IFRAME,MENU_ORDER,MENU_CREATOR,MENU_CREATED,MENU_MODIFIER,MENU_MODIFIED) values('ORG_LIST','组织机构','jeda/org/index','SECURITY','org',0,110,'admin',sysdate,'admin',sysdate);
insert into JEDA_MENU (MENU_ID,MENU_NAME,MENU_URL,PARENT_MENU_ID,MENU_ICON,MENU_IFRAME,MENU_ORDER,MENU_CREATOR,MENU_CREATED,MENU_MODIFIER,MENU_MODIFIED) values('USER_LIST','用户','jeda/user/index','SECURITY','user',0,120,'admin',sysdate,'admin',sysdate);
insert into JEDA_MENU (MENU_ID,MENU_NAME,MENU_URL,PARENT_MENU_ID,MENU_ICON,MENU_IFRAME,MENU_ORDER,MENU_CREATOR,MENU_CREATED,MENU_MODIFIER,MENU_MODIFIED) values('MENU_LIST','菜单','jeda/menu/index','SECURITY','menu',0,130,'admin',sysdate,'admin',sysdate);
insert into JEDA_MENU (MENU_ID,MENU_NAME,MENU_URL,PARENT_MENU_ID,MENU_ICON,MENU_IFRAME,MENU_ORDER,MENU_CREATOR,MENU_CREATED,MENU_MODIFIER,MENU_MODIFIED) values('ROLE_LIST','角色','jeda/role/index','SECURITY','role',0,140,'admin',sysdate,'admin',sysdate);
insert into JEDA_MENU (MENU_ID,MENU_NAME,MENU_URL,PARENT_MENU_ID,MENU_ICON,MENU_IFRAME,MENU_ORDER,MENU_CREATOR,MENU_CREATED,MENU_MODIFIER,MENU_MODIFIED) values('POSITION_LIST','岗位','jeda/position/list','SECURITY','position',0,150,'admin',sysdate,'admin',sysdate);
insert into JEDA_MENU (MENU_ID,MENU_NAME,MENU_URL,PARENT_MENU_ID,MENU_ICON,MENU_IFRAME,MENU_ORDER,MENU_CREATOR,MENU_CREATED,MENU_MODIFIER,MENU_MODIFIED) values('MODULE_LIST','模块','jeda/module/list','SECURITY','module',0,160,'admin',sysdate,'admin',sysdate);
insert into JEDA_MENU (MENU_ID,MENU_NAME,MENU_URL,PARENT_MENU_ID,MENU_ICON,MENU_IFRAME,MENU_ORDER,MENU_CREATOR,MENU_CREATED,MENU_MODIFIER,MENU_MODIFIED) values('FUNCTION_LIST','功能','jeda/function/index','SECURITY','function',0,170,'admin',sysdate,'admin',sysdate);
insert into JEDA_MENU (MENU_ID,MENU_NAME,MENU_URL,PARENT_MENU_ID,MENU_ICON,MENU_IFRAME,MENU_ORDER,MENU_CREATOR,MENU_CREATED,MENU_MODIFIER,MENU_MODIFIED) values('PERMISSION_LIST','权限','jeda/permission/list','SECURITY','permission',0,180,'admin',sysdate,'admin',sysdate);
insert into JEDA_MENU (MENU_ID,MENU_NAME,MENU_URL,PARENT_MENU_ID,MENU_ICON,MENU_IFRAME,MENU_ORDER,MENU_CREATOR,MENU_CREATED,MENU_MODIFIER,MENU_MODIFIED) values('CONSOLE_VIEW','控制台','jeda/console/view','SECURITY','log',0,190,'admin',sysdate,'admin',sysdate);

insert into JEDA_MENU (MENU_ID,MENU_NAME,MENU_URL,PARENT_MENU_ID,MENU_ICON,MENU_IFRAME,MENU_ORDER,MENU_CREATOR,MENU_CREATED,MENU_MODIFIER,MENU_MODIFIED) values('CONFIG','系统配置','',null,'config',0,200,'admin',sysdate,'admin',sysdate);
insert into JEDA_MENU (MENU_ID,MENU_NAME,MENU_URL,PARENT_MENU_ID,MENU_ICON,MENU_IFRAME,MENU_ORDER,MENU_CREATOR,MENU_CREATED,MENU_MODIFIER,MENU_MODIFIED) values('PORTLET_LIST','门户应用','jeda/portlet/list','CONFIG','portlet',0,201,'admin',sysdate,'admin',sysdate);
insert into JEDA_MENU (MENU_ID,MENU_NAME,MENU_URL,PARENT_MENU_ID,MENU_ICON,MENU_IFRAME,MENU_ORDER,MENU_CREATOR,MENU_CREATED,MENU_MODIFIER,MENU_MODIFIED) values('ITEM_LIST','数据字典','jeda/item/list','CONFIG','item',0,202,'admin',sysdate,'admin',sysdate);
insert into JEDA_MENU (MENU_ID,MENU_NAME,MENU_URL,PARENT_MENU_ID,MENU_ICON,MENU_IFRAME,MENU_ORDER,MENU_CREATOR,MENU_CREATED,MENU_MODIFIER,MENU_MODIFIED) values('PROPERTY_EDIT','系统属性','jeda/config/property/edit','CONFIG','',0,203,'admin',sysdate,'admin',sysdate);

insert into JEDA_ROLE_MENU (MENU_ID,ROLE_ID) values ('SECURITY','Administrator');
insert into JEDA_ROLE_MENU (MENU_ID,ROLE_ID) values ('ORG_LIST','Administrator');
insert into JEDA_ROLE_MENU (MENU_ID,ROLE_ID) values ('USER_LIST','Administrator');
insert into JEDA_ROLE_MENU (MENU_ID,ROLE_ID) values ('MENU_LIST','Administrator');
insert into JEDA_ROLE_MENU (MENU_ID,ROLE_ID) values ('ROLE_LIST','Administrator');
insert into JEDA_ROLE_MENU (MENU_ID,ROLE_ID) values ('POSITION_LIST','Administrator');
insert into JEDA_ROLE_MENU (MENU_ID,ROLE_ID) values ('MODULE_LIST','Administrator');
insert into JEDA_ROLE_MENU (MENU_ID,ROLE_ID) values ('FUNCTION_LIST','Administrator');
insert into JEDA_ROLE_MENU (MENU_ID,ROLE_ID) values ('PERMISSION_LIST','Administrator');
insert into JEDA_ROLE_MENU (MENU_ID,ROLE_ID) values ('CONSOLE_VIEW','Administrator');

insert into JEDA_ROLE_MENU (MENU_ID,ROLE_ID) values ('CONFIG','Administrator');
insert into JEDA_ROLE_MENU (MENU_ID,ROLE_ID) values ('PORTLET_LIST','Administrator');
insert into JEDA_ROLE_MENU (MENU_ID,ROLE_ID) values ('ITEM_LIST','Administrator');
insert into JEDA_ROLE_MENU (MENU_ID,ROLE_ID) values ('PROPERTY_EDIT','Administrator');

insert into JEDA_POSITION (POSITION_ID,POSITION_NAME,POSITION_TYPE,POSITION_ORDER,POSITION_CREATOR,POSITION_CREATED,POSITION_MODIFIER,POSITION_MODIFIED) values ('1','管理员','2',1,'admin',sysdate,'admin',sysdate);

insert into JEDA_POSITION_LEVEL (PL_ID,PL_NAME,PL_VALUE) values ('1','一级','1');
insert into JEDA_POSITION_LEVEL (PL_ID,PL_NAME,PL_VALUE) values ('2','二级','2');
insert into JEDA_POSITION_LEVEL (PL_ID,PL_NAME,PL_VALUE) values ('3','三级','3');

insert into JEDA_POSITION_PL (POSITION_ID,PL_ID) values ('1','1');
insert into JEDA_POSITION_PL (POSITION_ID,PL_ID) values ('1','2');
insert into JEDA_POSITION_PL (POSITION_ID,PL_ID) values ('1','3');

insert into JEDA_ROLE_POSITION (ROLE_ID,POSITION_ID) values ('Administrator','1');

update JEDA_USER set ORG_ID = '1000',POSITION_ID='1' where USER_ID = 'admin';

insert into JEDA_ITEM (ITEM_ID,ITEM_NAME,ITEM_IS_PERMISSION,ITEM_ORDER,ITEM_CREATOR,ITEM_CREATED,ITEM_MODIFIER,ITEM_MODIFIED) values ('ORG_PROPERTY','机构属性',1,1,'admin',sysdate,'admin',sysdate);
insert into JEDA_ITEM (ITEM_ID,ITEM_NAME,ITEM_IS_PERMISSION,ITEM_ORDER,ITEM_CREATOR,ITEM_CREATED,ITEM_MODIFIER,ITEM_MODIFIED) values ('ORG_CATEGORY','机构类型',1,2,'admin',sysdate,'admin',sysdate);
insert into JEDA_ITEM (ITEM_ID,ITEM_NAME,ITEM_IS_PERMISSION,ITEM_ORDER,ITEM_CREATOR,ITEM_CREATED,ITEM_MODIFIER,ITEM_MODIFIED) values ('POSITION_TYPE','岗位类型',0,3,'admin',sysdate,'admin',sysdate);
insert into JEDA_ITEM (ITEM_ID,ITEM_NAME,ITEM_IS_PERMISSION,ITEM_ORDER,ITEM_CREATOR,ITEM_CREATED,ITEM_MODIFIER,ITEM_MODIFIED) values ('USER_GENDER','用户性别',0,4,'admin',sysdate,'admin',sysdate);
insert into JEDA_ITEM (ITEM_ID,ITEM_NAME,ITEM_IS_PERMISSION,ITEM_ORDER,ITEM_CREATOR,ITEM_CREATED,ITEM_MODIFIER,ITEM_MODIFIED) values ('COMMON_YESNO','是&否',0,5,'admin',sysdate,'admin',sysdate);
insert into JEDA_ITEM (ITEM_ID,ITEM_NAME,ITEM_IS_PERMISSION,ITEM_ORDER,ITEM_CREATOR,ITEM_CREATED,ITEM_MODIFIER,ITEM_MODIFIED) values ('PERMISSION_TYPE','权限类型',0,6,'admin',sysdate,'admin',sysdate);
insert into JEDA_ITEM (ITEM_ID,ITEM_NAME,ITEM_IS_PERMISSION,ITEM_ORDER,ITEM_CREATOR,ITEM_CREATED,ITEM_MODIFIER,ITEM_MODIFIED) values ('PERMISSION_TYPE_USER','用户权限类型',0,7,'admin',sysdate,'admin',sysdate);
insert into JEDA_ITEM (ITEM_ID,ITEM_NAME,ITEM_IS_PERMISSION,ITEM_ORDER,ITEM_CREATOR,ITEM_CREATED,ITEM_MODIFIER,ITEM_MODIFIED) values ('PERMISSION_TYPE_ORG','机构权限类型',0,8,'admin',sysdate,'admin',sysdate);
insert into JEDA_ITEM (ITEM_ID,ITEM_NAME,ITEM_IS_PERMISSION,ITEM_ORDER,ITEM_CREATOR,ITEM_CREATED,ITEM_MODIFIER,ITEM_MODIFIED) values ('ROLE_TYPE','角色类型',0,9,'admin',sysdate,'admin',sysdate);

insert into JEDA_SUB_ITEM (SUB_ITEM_ID,SUB_ITEM_NAME,SUB_ITEM_VALUE,SUB_ITEM_ORDER,SUB_ITEM_CASCADE,ITEM_ID,SUB_ITEM_CREATOR,SUB_ITEM_CREATED,SUB_ITEM_MODIFIER,SUB_ITEM_MODIFIED) values ('101','A','1',0,0,'ORG_PROPERTY','admin',sysdate,'admin',sysdate);
insert into JEDA_SUB_ITEM (SUB_ITEM_ID,SUB_ITEM_NAME,SUB_ITEM_VALUE,SUB_ITEM_ORDER,SUB_ITEM_CASCADE,ITEM_ID,SUB_ITEM_CREATOR,SUB_ITEM_CREATED,SUB_ITEM_MODIFIER,SUB_ITEM_MODIFIED) values ('102','B','2',1,0,'ORG_PROPERTY','admin',sysdate,'admin',sysdate);
insert into JEDA_SUB_ITEM (SUB_ITEM_ID,SUB_ITEM_NAME,SUB_ITEM_VALUE,SUB_ITEM_ORDER,SUB_ITEM_CASCADE,ITEM_ID,SUB_ITEM_CREATOR,SUB_ITEM_CREATED,SUB_ITEM_MODIFIER,SUB_ITEM_MODIFIED) values ('103','X','1',0,0,'ORG_CATEGORY','admin',sysdate,'admin',sysdate);
insert into JEDA_SUB_ITEM (SUB_ITEM_ID,SUB_ITEM_NAME,SUB_ITEM_VALUE,SUB_ITEM_ORDER,SUB_ITEM_CASCADE,ITEM_ID,SUB_ITEM_CREATOR,SUB_ITEM_CREATED,SUB_ITEM_MODIFIER,SUB_ITEM_MODIFIED) values ('104','Y','2',1,0,'ORG_CATEGORY','admin',sysdate,'admin',sysdate);
insert into JEDA_SUB_ITEM (SUB_ITEM_ID,SUB_ITEM_NAME,SUB_ITEM_VALUE,SUB_ITEM_ORDER,SUB_ITEM_CASCADE,ITEM_ID,SUB_ITEM_CREATOR,SUB_ITEM_CREATED,SUB_ITEM_MODIFIER,SUB_ITEM_MODIFIED) values ('401','全局','0',0,0,'POSITION_TYPE','admin',sysdate,'admin',sysdate);
insert into JEDA_SUB_ITEM (SUB_ITEM_ID,SUB_ITEM_NAME,SUB_ITEM_VALUE,SUB_ITEM_ORDER,SUB_ITEM_CASCADE,ITEM_ID,SUB_ITEM_CREATOR,SUB_ITEM_CREATED,SUB_ITEM_MODIFIER,SUB_ITEM_MODIFIED) values ('402','指定机构','1',1,0,'POSITION_TYPE','admin',sysdate,'admin',sysdate);
insert into JEDA_SUB_ITEM (SUB_ITEM_ID,SUB_ITEM_NAME,SUB_ITEM_VALUE,SUB_ITEM_ORDER,SUB_ITEM_CASCADE,ITEM_ID,SUB_ITEM_CREATOR,SUB_ITEM_CREATED,SUB_ITEM_MODIFIER,SUB_ITEM_MODIFIED) values ('403','指定级别','2',2,0,'POSITION_TYPE','admin',sysdate,'admin',sysdate);
insert into JEDA_SUB_ITEM (SUB_ITEM_ID,SUB_ITEM_NAME,SUB_ITEM_VALUE,SUB_ITEM_ORDER,SUB_ITEM_CASCADE,ITEM_ID,SUB_ITEM_CREATOR,SUB_ITEM_CREATED,SUB_ITEM_MODIFIER,SUB_ITEM_MODIFIED) values ('201','男','M',0,0,'USER_GENDER','admin',sysdate,'admin',sysdate);
insert into JEDA_SUB_ITEM (SUB_ITEM_ID,SUB_ITEM_NAME,SUB_ITEM_VALUE,SUB_ITEM_ORDER,SUB_ITEM_CASCADE,ITEM_ID,SUB_ITEM_CREATOR,SUB_ITEM_CREATED,SUB_ITEM_MODIFIER,SUB_ITEM_MODIFIED) values ('202','女','F',1,0,'USER_GENDER','admin',sysdate,'admin',sysdate);
insert into JEDA_SUB_ITEM (SUB_ITEM_ID,SUB_ITEM_NAME,SUB_ITEM_VALUE,SUB_ITEM_ORDER,SUB_ITEM_CASCADE,ITEM_ID,SUB_ITEM_CREATOR,SUB_ITEM_CREATED,SUB_ITEM_MODIFIER,SUB_ITEM_MODIFIED) values ('301','用户权限','PERMISSION_TYPE_USER',1,1,'PERMISSION_TYPE','admin',sysdate,'admin',sysdate);
insert into JEDA_SUB_ITEM (SUB_ITEM_ID,SUB_ITEM_NAME,SUB_ITEM_VALUE,SUB_ITEM_ORDER,SUB_ITEM_CASCADE,ITEM_ID,SUB_ITEM_CREATOR,SUB_ITEM_CREATED,SUB_ITEM_MODIFIER,SUB_ITEM_MODIFIED) values ('302','机构权限','PERMISSION_TYPE_ORG',2,1,'PERMISSION_TYPE','admin',sysdate,'admin',sysdate);
insert into JEDA_SUB_ITEM (SUB_ITEM_ID,SUB_ITEM_NAME,SUB_ITEM_VALUE,SUB_ITEM_ORDER,SUB_ITEM_CASCADE,ITEM_ID,SUB_ITEM_CREATOR,SUB_ITEM_CREATED,SUB_ITEM_MODIFIER,SUB_ITEM_MODIFIED) values ('303','字典权限','PERMISSION_TYPE_ITEM',3,0,'PERMISSION_TYPE','admin',sysdate,'admin',sysdate);
insert into JEDA_SUB_ITEM (SUB_ITEM_ID,SUB_ITEM_NAME,SUB_ITEM_VALUE,SUB_ITEM_ORDER,SUB_ITEM_CASCADE,ITEM_ID,SUB_ITEM_CREATOR,SUB_ITEM_CREATED,SUB_ITEM_MODIFIER,SUB_ITEM_MODIFIED) values ('304','数值权限','PERMISSION_TYPE_CONSTANT',4,0,'PERMISSION_TYPE','admin',sysdate,'admin',sysdate);
insert into JEDA_SUB_ITEM (SUB_ITEM_ID,SUB_ITEM_NAME,SUB_ITEM_VALUE,SUB_ITEM_ORDER,SUB_ITEM_CASCADE,ITEM_ID,SUB_ITEM_CREATOR,SUB_ITEM_CREATED,SUB_ITEM_MODIFIER,SUB_ITEM_MODIFIED) values ('311','登录用户','1',1,0,'PERMISSION_TYPE_USER','admin',sysdate,'admin',sysdate);
insert into JEDA_SUB_ITEM (SUB_ITEM_ID,SUB_ITEM_NAME,SUB_ITEM_VALUE,SUB_ITEM_ORDER,SUB_ITEM_CASCADE,ITEM_ID,SUB_ITEM_CREATOR,SUB_ITEM_CREATED,SUB_ITEM_MODIFIER,SUB_ITEM_MODIFIED) values ('312','指定用户','2',2,0,'PERMISSION_TYPE_USER','admin',sysdate,'admin',sysdate);
insert into JEDA_SUB_ITEM (SUB_ITEM_ID,SUB_ITEM_NAME,SUB_ITEM_VALUE,SUB_ITEM_ORDER,SUB_ITEM_CASCADE,ITEM_ID,SUB_ITEM_CREATOR,SUB_ITEM_CREATED,SUB_ITEM_MODIFIER,SUB_ITEM_MODIFIED) values ('321','登录用户所属机构','1',1,0,'PERMISSION_TYPE_ORG','admin',sysdate,'admin',sysdate);
insert into JEDA_SUB_ITEM (SUB_ITEM_ID,SUB_ITEM_NAME,SUB_ITEM_VALUE,SUB_ITEM_ORDER,SUB_ITEM_CASCADE,ITEM_ID,SUB_ITEM_CREATOR,SUB_ITEM_CREATED,SUB_ITEM_MODIFIER,SUB_ITEM_MODIFIED) values ('322','登录用户所属及其下级机构','2',2,0,'PERMISSION_TYPE_ORG','admin',sysdate,'admin',sysdate);
insert into JEDA_SUB_ITEM (SUB_ITEM_ID,SUB_ITEM_NAME,SUB_ITEM_VALUE,SUB_ITEM_ORDER,SUB_ITEM_CASCADE,ITEM_ID,SUB_ITEM_CREATOR,SUB_ITEM_CREATED,SUB_ITEM_MODIFIER,SUB_ITEM_MODIFIED) values ('323','登录用户所属及其上级机构','3',3,0,'PERMISSION_TYPE_ORG','admin',sysdate,'admin',sysdate);
insert into JEDA_SUB_ITEM (SUB_ITEM_ID,SUB_ITEM_NAME,SUB_ITEM_VALUE,SUB_ITEM_ORDER,SUB_ITEM_CASCADE,ITEM_ID,SUB_ITEM_CREATOR,SUB_ITEM_CREATED,SUB_ITEM_MODIFIER,SUB_ITEM_MODIFIED) values ('324','指定机构','4',4,0,'PERMISSION_TYPE_ORG','admin',sysdate,'admin',sysdate);
insert into JEDA_SUB_ITEM (SUB_ITEM_ID,SUB_ITEM_NAME,SUB_ITEM_VALUE,SUB_ITEM_ORDER,SUB_ITEM_CASCADE,ITEM_ID,SUB_ITEM_CREATOR,SUB_ITEM_CREATED,SUB_ITEM_MODIFIER,SUB_ITEM_MODIFIED) values ('331','普通权限角色','PERMISSION',0,0,'ROLE_TYPE','admin',sysdate,'admin',sysdate);
insert into JEDA_SUB_ITEM (SUB_ITEM_ID,SUB_ITEM_NAME,SUB_ITEM_VALUE,SUB_ITEM_ORDER,SUB_ITEM_CASCADE,ITEM_ID,SUB_ITEM_CREATOR,SUB_ITEM_CREATED,SUB_ITEM_MODIFIER,SUB_ITEM_MODIFIED) values ('332','优先权限角色','PRIORITY',1,0,'ROLE_TYPE','admin',sysdate,'admin',sysdate);
insert into JEDA_SUB_ITEM (SUB_ITEM_ID,SUB_ITEM_NAME,SUB_ITEM_VALUE,SUB_ITEM_ORDER,SUB_ITEM_CASCADE,ITEM_ID,SUB_ITEM_CREATOR,SUB_ITEM_CREATED,SUB_ITEM_MODIFIER,SUB_ITEM_MODIFIED) values ('333','禁止权限角色','FORBIDDEN',2,0,'ROLE_TYPE','admin',sysdate,'admin',sysdate);
insert into JEDA_SUB_ITEM (SUB_ITEM_ID,SUB_ITEM_NAME,SUB_ITEM_VALUE,SUB_ITEM_ORDER,SUB_ITEM_CASCADE,ITEM_ID,SUB_ITEM_CREATOR,SUB_ITEM_CREATED,SUB_ITEM_MODIFIER,SUB_ITEM_MODIFIED) values ('901','是','Y',0,0,'COMMON_YESNO','admin',sysdate,'admin',sysdate);
insert into JEDA_SUB_ITEM (SUB_ITEM_ID,SUB_ITEM_NAME,SUB_ITEM_VALUE,SUB_ITEM_ORDER,SUB_ITEM_CASCADE,ITEM_ID,SUB_ITEM_CREATOR,SUB_ITEM_CREATED,SUB_ITEM_MODIFIER,SUB_ITEM_MODIFIED) values ('902','否','N',1,0,'COMMON_YESNO','admin',sysdate,'admin',sysdate);

insert into JEDA_PORTLET (PORTLET_ID,PORTLET_TITLE,PORTLET_URL,PORTLET_DESCRIPTION,PORTLET_ORDER,PORTLET_CREATOR,PORTLET_CREATED,PORTLET_MODIFIER,PORTLET_MODIFIED) values ('PROPERTY_PORTLET','平台属性','jeda/config/property/portlet','',1,'admin',sysdate,'admin',sysdate);
