insert into FIELD_TYPE_INFO (FIELD_ID, FIELD_TYPE_DIRECTION, FIELD_TYPE_ONE, FIELD_TYPE_TWO, FIELD_TYPE_THREE, COMMENTS, FILED_CREATOR, FILED_CREATED, FILED_MODIFIER, FILED_MODIFIED)
values (1, '专业领域', '应用类', '诊断类', '应用状态检查', null, 'admin', to_timestamp('17-03-2014 18:25:02.000000', 'dd-mm-yyyy hh24:mi:ss.ff'), null, null);
insert into FIELD_TYPE_INFO (FIELD_ID, FIELD_TYPE_DIRECTION, FIELD_TYPE_ONE, FIELD_TYPE_TWO, FIELD_TYPE_THREE, COMMENTS, FILED_CREATOR, FILED_CREATED, FILED_MODIFIER, FILED_MODIFIED)
values (2, '专业领域', '应用类', '诊断类', '交易状态检查', null, 'admin', to_timestamp('17-03-2014 18:25:03.000000', 'dd-mm-yyyy hh24:mi:ss.ff'), null, null);
insert into FIELD_TYPE_INFO (FIELD_ID, FIELD_TYPE_DIRECTION, FIELD_TYPE_ONE, FIELD_TYPE_TWO, FIELD_TYPE_THREE, COMMENTS, FILED_CREATOR, FILED_CREATED, FILED_MODIFIER, FILED_MODIFIED)
values (3, '专业领域', '应用类', '诊断类', '运行效率检查', null, 'admin', to_timestamp('17-03-2014 18:25:03.000000', 'dd-mm-yyyy hh24:mi:ss.ff'), null, null);
insert into FIELD_TYPE_INFO (FIELD_ID, FIELD_TYPE_DIRECTION, FIELD_TYPE_ONE, FIELD_TYPE_TWO, FIELD_TYPE_THREE, COMMENTS, FILED_CREATOR, FILED_CREATED, FILED_MODIFIER, FILED_MODIFIED)
values (4, '专业领域', '应用类', '诊断类', '端口状态检查', null, 'admin', to_timestamp('17-03-2014 18:25:03.000000', 'dd-mm-yyyy hh24:mi:ss.ff'), null, null);
insert into FIELD_TYPE_INFO (FIELD_ID, FIELD_TYPE_DIRECTION, FIELD_TYPE_ONE, FIELD_TYPE_TWO, FIELD_TYPE_THREE, COMMENTS, FILED_CREATOR, FILED_CREATED, FILED_MODIFIER, FILED_MODIFIED)
values (5, '专业领域', '应用类', '诊断类', '联通性检查', null, 'admin', to_timestamp('17-03-2014 18:25:03.000000', 'dd-mm-yyyy hh24:mi:ss.ff'), null, null);
insert into FIELD_TYPE_INFO (FIELD_ID, FIELD_TYPE_DIRECTION, FIELD_TYPE_ONE, FIELD_TYPE_TWO, FIELD_TYPE_THREE, COMMENTS, FILED_CREATOR, FILED_CREATED, FILED_MODIFIER, FILED_MODIFIED)
values (6, '专业领域', '应用类', '诊断类', '批量检查', null, 'admin', to_timestamp('17-03-2014 18:25:03.000000', 'dd-mm-yyyy hh24:mi:ss.ff'), null, null);
insert into FIELD_TYPE_INFO (FIELD_ID, FIELD_TYPE_DIRECTION, FIELD_TYPE_ONE, FIELD_TYPE_TWO, FIELD_TYPE_THREE, COMMENTS, FILED_CREATOR, FILED_CREATED, FILED_MODIFIER, FILED_MODIFIED)
values (7, '专业领域', '应用类', '诊断类', '探测检查', null, 'admin', to_timestamp('17-03-2014 18:25:03.000000', 'dd-mm-yyyy hh24:mi:ss.ff'), null, null);
insert into FIELD_TYPE_INFO (FIELD_ID, FIELD_TYPE_DIRECTION, FIELD_TYPE_ONE, FIELD_TYPE_TWO, FIELD_TYPE_THREE, COMMENTS, FILED_CREATOR, FILED_CREATED, FILED_MODIFIER, FILED_MODIFIED)
values (8, '专业领域', '应用类', '诊断类', '日志检查', null, 'admin', to_timestamp('17-03-2014 18:25:03.000000', 'dd-mm-yyyy hh24:mi:ss.ff'), null, null);
insert into FIELD_TYPE_INFO (FIELD_ID, FIELD_TYPE_DIRECTION, FIELD_TYPE_ONE, FIELD_TYPE_TWO, FIELD_TYPE_THREE, COMMENTS, FILED_CREATOR, FILED_CREATED, FILED_MODIFIER, FILED_MODIFIED)
values (9, '专业领域', '应用类', '诊断类', '拨测验证', null, 'admin', to_timestamp('17-03-2014 18:25:03.000000', 'dd-mm-yyyy hh24:mi:ss.ff'), null, null);
insert into FIELD_TYPE_INFO (FIELD_ID, FIELD_TYPE_DIRECTION, FIELD_TYPE_ONE, FIELD_TYPE_TWO, FIELD_TYPE_THREE, COMMENTS, FILED_CREATOR, FILED_CREATED, FILED_MODIFIER, FILED_MODIFIED)
values (10, '专业领域', '应用类', '处置类', '服务停止', null, 'admin', to_timestamp('17-03-2014 18:25:03.000000', 'dd-mm-yyyy hh24:mi:ss.ff'), null, null);
insert into FIELD_TYPE_INFO (FIELD_ID, FIELD_TYPE_DIRECTION, FIELD_TYPE_ONE, FIELD_TYPE_TWO, FIELD_TYPE_THREE, COMMENTS, FILED_CREATOR, FILED_CREATED, FILED_MODIFIER, FILED_MODIFIED)
values (11, '专业领域', '应用类', '诊断类', '服务启动', null, 'admin', to_timestamp('17-03-2014 18:25:03.000000', 'dd-mm-yyyy hh24:mi:ss.ff'), null, null);
insert into FIELD_TYPE_INFO (FIELD_ID, FIELD_TYPE_DIRECTION, FIELD_TYPE_ONE, FIELD_TYPE_TWO, FIELD_TYPE_THREE, COMMENTS, FILED_CREATOR, FILED_CREATED, FILED_MODIFIER, FILED_MODIFIED)
values (12, '专业领域', '应用类', '诊断类', '任务调起', null, 'admin', to_timestamp('17-03-2014 18:25:03.000000', 'dd-mm-yyyy hh24:mi:ss.ff'), null, null);
insert into FIELD_TYPE_INFO (FIELD_ID, FIELD_TYPE_DIRECTION, FIELD_TYPE_ONE, FIELD_TYPE_TWO, FIELD_TYPE_THREE, COMMENTS, FILED_CREATOR, FILED_CREATED, FILED_MODIFIER, FILED_MODIFIED)
values (13, '专业领域', '应用类', '诊断类', '任务调起', null, 'admin', to_timestamp('17-03-2014 18:25:03.000000', 'dd-mm-yyyy hh24:mi:ss.ff'), null, null);
insert into FIELD_TYPE_INFO (FIELD_ID, FIELD_TYPE_DIRECTION, FIELD_TYPE_ONE, FIELD_TYPE_TWO, FIELD_TYPE_THREE, COMMENTS, FILED_CREATOR, FILED_CREATED, FILED_MODIFIER, FILED_MODIFIED)
values (14, '专业领域', '应用类', '诊断类', '现场保存', null, 'admin', to_timestamp('17-03-2014 18:25:03.000000', 'dd-mm-yyyy hh24:mi:ss.ff'), null, null);
insert into FIELD_TYPE_INFO (FIELD_ID, FIELD_TYPE_DIRECTION, FIELD_TYPE_ONE, FIELD_TYPE_TWO, FIELD_TYPE_THREE, COMMENTS, FILED_CREATOR, FILED_CREATED, FILED_MODIFIER, FILED_MODIFIED)
values (15, '专业领域', '应用类', '查询类', '目录', null, 'admin', to_timestamp('17-03-2014 18:25:03.000000', 'dd-mm-yyyy hh24:mi:ss.ff'), null, null);
insert into FIELD_TYPE_INFO (FIELD_ID, FIELD_TYPE_DIRECTION, FIELD_TYPE_ONE, FIELD_TYPE_TWO, FIELD_TYPE_THREE, COMMENTS, FILED_CREATOR, FILED_CREATED, FILED_MODIFIER, FILED_MODIFIED)
values (16, '专业领域', '应用类', '诊断类', '文件', null, 'admin', to_timestamp('17-03-2014 18:25:03.000000', 'dd-mm-yyyy hh24:mi:ss.ff'), null, null);
insert into FIELD_TYPE_INFO (FIELD_ID, FIELD_TYPE_DIRECTION, FIELD_TYPE_ONE, FIELD_TYPE_TWO, FIELD_TYPE_THREE, COMMENTS, FILED_CREATOR, FILED_CREATED, FILED_MODIFIER, FILED_MODIFIED)
values (17, '专业领域', '应用类', '诊断类', '参数', null, 'admin', to_timestamp('17-03-2014 18:25:03.000000', 'dd-mm-yyyy hh24:mi:ss.ff'), null, null);
insert into FIELD_TYPE_INFO (FIELD_ID, FIELD_TYPE_DIRECTION, FIELD_TYPE_ONE, FIELD_TYPE_TWO, FIELD_TYPE_THREE, COMMENTS, FILED_CREATOR, FILED_CREATED, FILED_MODIFIER, FILED_MODIFIED)
values (18, '专业领域', '应用类', '诊断类', '线下参与', null, 'admin', to_timestamp('17-03-2014 18:25:03.000000', 'dd-mm-yyyy hh24:mi:ss.ff'), null, null);
insert into FIELD_TYPE_INFO (FIELD_ID, FIELD_TYPE_DIRECTION, FIELD_TYPE_ONE, FIELD_TYPE_TWO, FIELD_TYPE_THREE, COMMENTS, FILED_CREATOR, FILED_CREATED, FILED_MODIFIER, FILED_MODIFIED)
values (19, '专业领域', '系统类', '诊断类', '应用状态检查', null, 'admin', to_timestamp('17-03-2014 18:25:03.000000', 'dd-mm-yyyy hh24:mi:ss.ff'), null, null);
insert into FIELD_TYPE_INFO (FIELD_ID, FIELD_TYPE_DIRECTION, FIELD_TYPE_ONE, FIELD_TYPE_TWO, FIELD_TYPE_THREE, COMMENTS, FILED_CREATOR, FILED_CREATED, FILED_MODIFIER, FILED_MODIFIED)
values (20, '专业领域', '系统类', '诊断类', '系统检查', null, 'admin', to_timestamp('17-03-2014 18:25:03.000000', 'dd-mm-yyyy hh24:mi:ss.ff'), null, null);
insert into FIELD_TYPE_INFO (FIELD_ID, FIELD_TYPE_DIRECTION, FIELD_TYPE_ONE, FIELD_TYPE_TWO, FIELD_TYPE_THREE, COMMENTS, FILED_CREATOR, FILED_CREATED, FILED_MODIFIER, FILED_MODIFIED)
values (21, '专业领域', '系统类', '诊断类', '操作系统检查', null, 'admin', to_timestamp('17-03-2014 18:25:03.000000', 'dd-mm-yyyy hh24:mi:ss.ff'), null, null);
insert into FIELD_TYPE_INFO (FIELD_ID, FIELD_TYPE_DIRECTION, FIELD_TYPE_ONE, FIELD_TYPE_TWO, FIELD_TYPE_THREE, COMMENTS, FILED_CREATOR, FILED_CREATED, FILED_MODIFIER, FILED_MODIFIED)
values (22, '专业领域', '系统类', '诊断类', '数据库检查', null, 'admin', to_timestamp('17-03-2014 18:25:03.000000', 'dd-mm-yyyy hh24:mi:ss.ff'), null, null);
insert into FIELD_TYPE_INFO (FIELD_ID, FIELD_TYPE_DIRECTION, FIELD_TYPE_ONE, FIELD_TYPE_TWO, FIELD_TYPE_THREE, COMMENTS, FILED_CREATOR, FILED_CREATED, FILED_MODIFIER, FILED_MODIFIED)
values (23, '专业领域', '系统类', '诊断类', '中间件检查', null, 'admin', to_timestamp('17-03-2014 18:25:03.000000', 'dd-mm-yyyy hh24:mi:ss.ff'), null, null);
insert into FIELD_TYPE_INFO (FIELD_ID, FIELD_TYPE_DIRECTION, FIELD_TYPE_ONE, FIELD_TYPE_TWO, FIELD_TYPE_THREE, COMMENTS, FILED_CREATOR, FILED_CREATED, FILED_MODIFIER, FILED_MODIFIED)
values (24, '专业领域', '系统类', '诊断类', '切换类检查', null, 'admin', to_timestamp('17-03-2014 18:25:03.000000', 'dd-mm-yyyy hh24:mi:ss.ff'), null, null);
insert into FIELD_TYPE_INFO (FIELD_ID, FIELD_TYPE_DIRECTION, FIELD_TYPE_ONE, FIELD_TYPE_TWO, FIELD_TYPE_THREE, COMMENTS, FILED_CREATOR, FILED_CREATED, FILED_MODIFIER, FILED_MODIFIED)
values (25, '专业领域', '系统类', '处置类', '操作系统', null, 'admin', to_timestamp('17-03-2014 18:25:03.000000', 'dd-mm-yyyy hh24:mi:ss.ff'), null, null);
insert into FIELD_TYPE_INFO (FIELD_ID, FIELD_TYPE_DIRECTION, FIELD_TYPE_ONE, FIELD_TYPE_TWO, FIELD_TYPE_THREE, COMMENTS, FILED_CREATOR, FILED_CREATED, FILED_MODIFIER, FILED_MODIFIED)
values (26, '专业领域', '系统类', '诊断类', '数据库', null, 'admin', to_timestamp('17-03-2014 18:25:03.000000', 'dd-mm-yyyy hh24:mi:ss.ff'), null, null);
insert into FIELD_TYPE_INFO (FIELD_ID, FIELD_TYPE_DIRECTION, FIELD_TYPE_ONE, FIELD_TYPE_TWO, FIELD_TYPE_THREE, COMMENTS, FILED_CREATOR, FILED_CREATED, FILED_MODIFIER, FILED_MODIFIED)
values (27, '专业领域', '系统类', '诊断类', '中间件检查', null, 'admin', to_timestamp('17-03-2014 18:25:03.000000', 'dd-mm-yyyy hh24:mi:ss.ff'), null, null);
insert into FIELD_TYPE_INFO (FIELD_ID, FIELD_TYPE_DIRECTION, FIELD_TYPE_ONE, FIELD_TYPE_TWO, FIELD_TYPE_THREE, COMMENTS, FILED_CREATOR, FILED_CREATED, FILED_MODIFIER, FILED_MODIFIED)
values (28, '专业领域', '系统类', '查询类', '操作系统', null, 'admin', to_timestamp('17-03-2014 18:25:03.000000', 'dd-mm-yyyy hh24:mi:ss.ff'), null, null);
insert into FIELD_TYPE_INFO (FIELD_ID, FIELD_TYPE_DIRECTION, FIELD_TYPE_ONE, FIELD_TYPE_TWO, FIELD_TYPE_THREE, COMMENTS, FILED_CREATOR, FILED_CREATED, FILED_MODIFIER, FILED_MODIFIED)
values (29, '专业领域', '系统类', '诊断类', '数据库', null, 'admin', to_timestamp('17-03-2014 18:25:03.000000', 'dd-mm-yyyy hh24:mi:ss.ff'), null, null);
insert into FIELD_TYPE_INFO (FIELD_ID, FIELD_TYPE_DIRECTION, FIELD_TYPE_ONE, FIELD_TYPE_TWO, FIELD_TYPE_THREE, COMMENTS, FILED_CREATOR, FILED_CREATED, FILED_MODIFIER, FILED_MODIFIED)
values (30, '专业领域', '系统类', '诊断类', '中间件', null, 'admin', to_timestamp('17-03-2014 18:25:03.000000', 'dd-mm-yyyy hh24:mi:ss.ff'), null, null);
insert into FIELD_TYPE_INFO (FIELD_ID, FIELD_TYPE_DIRECTION, FIELD_TYPE_ONE, FIELD_TYPE_TWO, FIELD_TYPE_THREE, COMMENTS, FILED_CREATOR, FILED_CREATED, FILED_MODIFIER, FILED_MODIFIED)
values (31, '专业领域', '系统类', '收集类', '中间件', null, 'admin', to_timestamp('17-03-2014 18:25:03.000000', 'dd-mm-yyyy hh24:mi:ss.ff'), null, null);
insert into FIELD_TYPE_INFO (FIELD_ID, FIELD_TYPE_DIRECTION, FIELD_TYPE_ONE, FIELD_TYPE_TWO, FIELD_TYPE_THREE, COMMENTS, FILED_CREATOR, FILED_CREATED, FILED_MODIFIER, FILED_MODIFIED)
values (32, '专业领域', '网络类', '诊断类', '通用命令', null, 'admin', to_timestamp('17-03-2014 18:25:03.000000', 'dd-mm-yyyy hh24:mi:ss.ff'), null, null);
insert into FIELD_TYPE_INFO (FIELD_ID, FIELD_TYPE_DIRECTION, FIELD_TYPE_ONE, FIELD_TYPE_TWO, FIELD_TYPE_THREE, COMMENTS, FILED_CREATOR, FILED_CREATED, FILED_MODIFIER, FILED_MODIFIED)
values (33, '专业领域', '网络类', '处置类', 'Cisco设备命令', null, 'admin', to_timestamp('17-03-2014 18:25:03.000000', 'dd-mm-yyyy hh24:mi:ss.ff'), null, null);
insert into FIELD_TYPE_INFO (FIELD_ID, FIELD_TYPE_DIRECTION, FIELD_TYPE_ONE, FIELD_TYPE_TWO, FIELD_TYPE_THREE, COMMENTS, FILED_CREATOR, FILED_CREATED, FILED_MODIFIER, FILED_MODIFIED)
values (34, '专业领域', '网络类', '处置类', '接口VLAN配置模板', null, 'admin', to_timestamp('17-03-2014 18:25:03.000000', 'dd-mm-yyyy hh24:mi:ss.ff'), null, null);
insert into FIELD_TYPE_INFO (FIELD_ID, FIELD_TYPE_DIRECTION, FIELD_TYPE_ONE, FIELD_TYPE_TWO, FIELD_TYPE_THREE, COMMENTS, FILED_CREATOR, FILED_CREATED, FILED_MODIFIER, FILED_MODIFIED)
values (35, '专业领域', '网络类', '查询类', 'Cisco设备命令', null, 'admin', to_timestamp('17-03-2014 18:25:03.000000', 'dd-mm-yyyy hh24:mi:ss.ff'), null, null);
insert into FIELD_TYPE_INFO (FIELD_ID, FIELD_TYPE_DIRECTION, FIELD_TYPE_ONE, FIELD_TYPE_TWO, FIELD_TYPE_THREE, COMMENTS, FILED_CREATOR, FILED_CREATED, FILED_MODIFIER, FILED_MODIFIED)
values (36, '专业领域', '网络类', '查询类', 'Juniper设备命令', null, 'admin', to_timestamp('17-03-2014 18:25:03.000000', 'dd-mm-yyyy hh24:mi:ss.ff'), null, null);
commit;

insert into IAM_STATUS(STATUS) values (1);
commit;

insert into JEDA_MODULE (MODULE_ID, MODULE_NAME, MODULE_DESCRIPTION, MODULE_ORDER, MODULE_READ_ONLY, MODULE_VERSION, MODULE_CREATOR, MODULE_CREATED, MODULE_MODIFIER, MODULE_MODIFIED)
values ('CHECK', '系统巡检', null, 70, null, 0, 'admin', sysdate, 'admin', sysdate);
insert into JEDA_MODULE (MODULE_ID, MODULE_NAME, MODULE_DESCRIPTION, MODULE_ORDER, MODULE_READ_ONLY, MODULE_VERSION, MODULE_CREATOR, MODULE_CREATED, MODULE_MODIFIER, MODULE_MODIFIED)
values ('APP_CHECK', '应用巡检', null, 71, null, 0, 'admin', sysdate, 'admin', sysdate);
insert into JEDA_MODULE (MODULE_ID, MODULE_NAME, MODULE_DESCRIPTION, MODULE_ORDER, MODULE_READ_ONLY, MODULE_VERSION, MODULE_CREATOR, MODULE_CREATED, MODULE_MODIFIER, MODULE_MODIFIED)
values ('TOOLBOX', '工具箱', null, 80, null, 0, 'admin', sysdate, 'admin', sysdate);
insert into JEDA_MODULE (MODULE_ID, MODULE_NAME, MODULE_DESCRIPTION, MODULE_ORDER, MODULE_READ_ONLY, MODULE_VERSION, MODULE_CREATOR, MODULE_CREATED, MODULE_MODIFIER, MODULE_MODIFIED)
values ('DEPLOY', '应用发布', null, 60, null, 0, 'admin', sysdate, 'admin', sysdate);
insert into JEDA_MODULE (MODULE_ID, MODULE_NAME, MODULE_DESCRIPTION, MODULE_ORDER, MODULE_READ_ONLY, MODULE_VERSION, MODULE_CREATOR, MODULE_CREATED, MODULE_MODIFIER, MODULE_MODIFIED)
values ('SYSTEM', '系统管理', null, 90, null, 0, 'admin', sysdate, 'admin', sysdate);
commit;

insert into JEDA_FUNCTION (FUNCTION_ID, MODULE_ID, FUNCTION_NAME, FUNCTION_URL, FUNCTION_TYPE, FUNCTION_HAS_PERMISSION, FUNCTION_ORDER, FUNCTION_READ_ONLY, FUNCTION_VERSION, FUNCTION_CREATOR, FUNCTION_CREATED, FUNCTION_MODIFIER, FUNCTION_MODIFIED)
values ('APP_CHECK_CREATE', 'APP_CHECK', '新建', '/jeda/appcheck/create*', null, 0, 400005, null, 0, 'admin', sysdate, 'admin', sysdate);
insert into JEDA_FUNCTION (FUNCTION_ID, MODULE_ID, FUNCTION_NAME, FUNCTION_URL, FUNCTION_TYPE, FUNCTION_HAS_PERMISSION, FUNCTION_ORDER, FUNCTION_READ_ONLY, FUNCTION_VERSION, FUNCTION_CREATOR, FUNCTION_CREATED, FUNCTION_MODIFIER, FUNCTION_MODIFIED)
values ('APP_CHECK_ANALYSE', 'APP_CHECK', '报告分析', '/jeda/appcheck/ana*', null, 0, 400009, null, 0, 'admin', sysdate, 'admin', sysdate);
insert into JEDA_FUNCTION (FUNCTION_ID, MODULE_ID, FUNCTION_NAME, FUNCTION_URL, FUNCTION_TYPE, FUNCTION_HAS_PERMISSION, FUNCTION_ORDER, FUNCTION_READ_ONLY, FUNCTION_VERSION, FUNCTION_CREATOR, FUNCTION_CREATED, FUNCTION_MODIFIER, FUNCTION_MODIFIED)
values ('APP_CHECK_EDIT', 'APP_CHECK', '修改', '/jeda/appcheck/edit*', null, 0, 400006, null, 0, 'admin', sysdate, 'admin', sysdate);
insert into JEDA_FUNCTION (FUNCTION_ID, MODULE_ID, FUNCTION_NAME, FUNCTION_URL, FUNCTION_TYPE, FUNCTION_HAS_PERMISSION, FUNCTION_ORDER, FUNCTION_READ_ONLY, FUNCTION_VERSION, FUNCTION_CREATOR, FUNCTION_CREATED, FUNCTION_MODIFIER, FUNCTION_MODIFIED)
values ('APP_CHECK_DELETE', 'APP_CHECK', '删除', '/jeda/appcheck/delete*', null, 0, 400007, null, 0, 'admin', sysdate, 'admin', sysdate);
insert into JEDA_FUNCTION (FUNCTION_ID, MODULE_ID, FUNCTION_NAME, FUNCTION_URL, FUNCTION_TYPE, FUNCTION_HAS_PERMISSION, FUNCTION_ORDER, FUNCTION_READ_ONLY, FUNCTION_VERSION, FUNCTION_CREATOR, FUNCTION_CREATED, FUNCTION_MODIFIER, FUNCTION_MODIFIED)
values ('APP_CHECK_EXE', 'APP_CHECK', '执行', '/jeda/appcheck/exe*', null, 0, 400008, null, 0, 'admin', sysdate, 'admin', sysdate);
insert into JEDA_FUNCTION (FUNCTION_ID, MODULE_ID, FUNCTION_NAME, FUNCTION_URL, FUNCTION_TYPE, FUNCTION_HAS_PERMISSION, FUNCTION_ORDER, FUNCTION_READ_ONLY, FUNCTION_VERSION, FUNCTION_CREATOR, FUNCTION_CREATED, FUNCTION_MODIFIER, FUNCTION_MODIFIED)
values ('APP_CHECK_COUNT', 'APP_CHECK', '报告统计', '/jeda/appcheck/count*', null, 0, 400010, null, 0, 'admin', sysdate, 'admin', sysdate);

insert into JEDA_FUNCTION (FUNCTION_ID, MODULE_ID, FUNCTION_NAME, FUNCTION_URL, FUNCTION_TYPE, FUNCTION_HAS_PERMISSION, FUNCTION_ORDER, FUNCTION_READ_ONLY, FUNCTION_VERSION, FUNCTION_CREATOR, FUNCTION_CREATED, FUNCTION_MODIFIER, FUNCTION_MODIFIED)
values ('SERVER_IMPORT', 'SYSTEM', '服务器导入', '/jeda/system/serverimport*', null, 0, 600014, null, 0, 'admin', sysdate, 'admin', sysdate);
insert into JEDA_FUNCTION (FUNCTION_ID, MODULE_ID, FUNCTION_NAME, FUNCTION_URL, FUNCTION_TYPE, FUNCTION_HAS_PERMISSION, FUNCTION_ORDER, FUNCTION_READ_ONLY, FUNCTION_VERSION, FUNCTION_CREATOR, FUNCTION_CREATED, FUNCTION_MODIFIER, FUNCTION_MODIFIED)
values ('SERVER_EDIT', 'SYSTEM', '服务器编辑', '/jeda/system/serveredit*', null, 0, 600013, null, 0, 'admin', sysdate, 'admin', sysdate);
insert into JEDA_FUNCTION (FUNCTION_ID, MODULE_ID, FUNCTION_NAME, FUNCTION_URL, FUNCTION_TYPE, FUNCTION_HAS_PERMISSION, FUNCTION_ORDER, FUNCTION_READ_ONLY, FUNCTION_VERSION, FUNCTION_CREATOR, FUNCTION_CREATED, FUNCTION_MODIFIER, FUNCTION_MODIFIED)
values ('OSUSER_DELETE', 'SYSTEM', '操作用户删除', '/jeda/system/osuserdelete*', null, 0, 600008, null, 0, 'admin', to_timestamp('18-03-2014 00:00:00.000000', 'dd-mm-yyyy hh24:mi:ss.ff'), 'admin', to_timestamp('18-03-2014 00:00:00.000000', 'dd-mm-yyyy hh24:mi:ss.ff'));
insert into JEDA_FUNCTION (FUNCTION_ID, MODULE_ID, FUNCTION_NAME, FUNCTION_URL, FUNCTION_TYPE, FUNCTION_HAS_PERMISSION, FUNCTION_ORDER, FUNCTION_READ_ONLY, FUNCTION_VERSION, FUNCTION_CREATOR, FUNCTION_CREATED, FUNCTION_MODIFIER, FUNCTION_MODIFIED)
values ('TOOL_AUTHORIZE_LEVEL', 'TOOLBOX', '修改授权级别', '/jeda/toolbox/tool_authorize*', null, 0, 500007, null, 0, 'admin', to_timestamp('24-01-2014 00:00:00.000000', 'dd-mm-yyyy hh24:mi:ss.ff'), 'admin', to_timestamp('24-01-2014 00:00:00.000000', 'dd-mm-yyyy hh24:mi:ss.ff'));
insert into JEDA_FUNCTION (FUNCTION_ID, MODULE_ID, FUNCTION_NAME, FUNCTION_URL, FUNCTION_TYPE, FUNCTION_HAS_PERMISSION, FUNCTION_ORDER, FUNCTION_READ_ONLY, FUNCTION_VERSION, FUNCTION_CREATOR, FUNCTION_CREATED, FUNCTION_MODIFIER, FUNCTION_MODIFIED)
values ('TOOL_IGNORED', 'TOOLBOX', '忽略报警事件', '/jeda/toolbox/tool*', null, 0, 500008, null, 0, 'admin', to_timestamp('25-02-2014 00:00:00.000000', 'dd-mm-yyyy hh24:mi:ss.ff'), 'admin', to_timestamp('25-02-2014 00:00:00.000000', 'dd-mm-yyyy hh24:mi:ss.ff'));
insert into JEDA_FUNCTION (FUNCTION_ID, MODULE_ID, FUNCTION_NAME, FUNCTION_URL, FUNCTION_TYPE, FUNCTION_HAS_PERMISSION, FUNCTION_ORDER, FUNCTION_READ_ONLY, FUNCTION_VERSION, FUNCTION_CREATOR, FUNCTION_CREATED, FUNCTION_MODIFIER, FUNCTION_MODIFIED)
values ('OSUSER_CREATE', 'SYSTEM', '操作用户新建', '/jeda/system/osuserCreate*', null, 0, 600007, null, 0, 'admin', to_timestamp('18-03-2014 00:00:00.000000', 'dd-mm-yyyy hh24:mi:ss.ff'), 'admin', to_timestamp('18-03-2014 00:00:00.000000', 'dd-mm-yyyy hh24:mi:ss.ff'));
insert into JEDA_FUNCTION (FUNCTION_ID, MODULE_ID, FUNCTION_NAME, FUNCTION_URL, FUNCTION_TYPE, FUNCTION_HAS_PERMISSION, FUNCTION_ORDER, FUNCTION_READ_ONLY, FUNCTION_VERSION, FUNCTION_CREATOR, FUNCTION_CREATED, FUNCTION_MODIFIER, FUNCTION_MODIFIED)
values ('ENV_CREATE', 'SYSTEM', '应用环境新建', '/jeda/system/create*', null, 0, 600010, null, 0, 'admin', to_timestamp('18-03-2014 00:00:00.000000', 'dd-mm-yyyy hh24:mi:ss.ff'), 'admin', to_timestamp('18-03-2014 00:00:00.000000', 'dd-mm-yyyy hh24:mi:ss.ff'));
insert into JEDA_FUNCTION (FUNCTION_ID, MODULE_ID, FUNCTION_NAME, FUNCTION_URL, FUNCTION_TYPE, FUNCTION_HAS_PERMISSION, FUNCTION_ORDER, FUNCTION_READ_ONLY, FUNCTION_VERSION, FUNCTION_CREATOR, FUNCTION_CREATED, FUNCTION_MODIFIER, FUNCTION_MODIFIED)
values ('SERVER_SYN', 'SYSTEM', '服务器同步', '/jeda/system/serversyn*', null, 0, 600003, null, 0, 'admin', to_timestamp('18-03-2014 00:00:00.000000', 'dd-mm-yyyy hh24:mi:ss.ff'), 'admin', to_timestamp('18-03-2014 00:00:00.000000', 'dd-mm-yyyy hh24:mi:ss.ff'));
insert into JEDA_FUNCTION (FUNCTION_ID, MODULE_ID, FUNCTION_NAME, FUNCTION_URL, FUNCTION_TYPE, FUNCTION_HAS_PERMISSION, FUNCTION_ORDER, FUNCTION_READ_ONLY, FUNCTION_VERSION, FUNCTION_CREATOR, FUNCTION_CREATED, FUNCTION_MODIFIER, FUNCTION_MODIFIED)
values ('SYSTEM_APP_SYN', 'SYSTEM', '应用同步', '/jeda/system/systemappsyn*', null, 0, 600000, null, 0, 'admin', to_timestamp('18-03-2014 00:00:00.000000', 'dd-mm-yyyy hh24:mi:ss.ff'), 'admin', to_timestamp('18-03-2014 00:00:00.000000', 'dd-mm-yyyy hh24:mi:ss.ff'));
insert into JEDA_FUNCTION (FUNCTION_ID, MODULE_ID, FUNCTION_NAME, FUNCTION_URL, FUNCTION_TYPE, FUNCTION_HAS_PERMISSION, FUNCTION_ORDER, FUNCTION_READ_ONLY, FUNCTION_VERSION, FUNCTION_CREATOR, FUNCTION_CREATED, FUNCTION_MODIFIER, FUNCTION_MODIFIED)
values ('REQ_SYN', 'DEPLOY', '同步请求', '/jeda/dplyrequestinfo/req*', null, 0, 30003, null, 0, 'admin', to_timestamp('18-03-2014 00:00:00.000000', 'dd-mm-yyyy hh24:mi:ss.ff'), 'admin', to_timestamp('18-03-2014 00:00:00.000000', 'dd-mm-yyyy hh24:mi:ss.ff'));
insert into JEDA_FUNCTION (FUNCTION_ID, MODULE_ID, FUNCTION_NAME, FUNCTION_URL, FUNCTION_TYPE, FUNCTION_HAS_PERMISSION, FUNCTION_ORDER, FUNCTION_READ_ONLY, FUNCTION_VERSION, FUNCTION_CREATOR, FUNCTION_CREATED, FUNCTION_MODIFIER, FUNCTION_MODIFIED)
values ('ENV_DELETE', 'SYSTEM', '应用环境删除', '/jeda/system/delete*', null, 0, 600012, null, 0, 'admin', to_timestamp('18-03-2014 00:00:00.000000', 'dd-mm-yyyy hh24:mi:ss.ff'), 'admin', to_timestamp('18-03-2014 00:00:00.000000', 'dd-mm-yyyy hh24:mi:ss.ff'));
insert into JEDA_FUNCTION (FUNCTION_ID, MODULE_ID, FUNCTION_NAME, FUNCTION_URL, FUNCTION_TYPE, FUNCTION_HAS_PERMISSION, FUNCTION_ORDER, FUNCTION_READ_ONLY, FUNCTION_VERSION, FUNCTION_CREATOR, FUNCTION_CREATED, FUNCTION_MODIFIER, FUNCTION_MODIFIED)
values ('USER_SYNC', 'USER', '用户同步', '/jeda/user/sync*', null, 0, 101027, null, 0, 'admin', to_timestamp('17-03-2014 20:10:40.000000', 'dd-mm-yyyy hh24:mi:ss.ff'), null, null);
insert into JEDA_FUNCTION (FUNCTION_ID, MODULE_ID, FUNCTION_NAME, FUNCTION_URL, FUNCTION_TYPE, FUNCTION_HAS_PERMISSION, FUNCTION_ORDER, FUNCTION_READ_ONLY, FUNCTION_VERSION, FUNCTION_CREATOR, FUNCTION_CREATED, FUNCTION_MODIFIER, FUNCTION_MODIFIED)
values ('ENV_EDIT', 'SYSTEM', '应用环境修改', '/jeda/system/edit*', null, 0, 600011, null, 0, 'admin', to_timestamp('18-03-2014 00:00:00.000000', 'dd-mm-yyyy hh24:mi:ss.ff'), 'admin', to_timestamp('18-03-2014 00:00:00.000000', 'dd-mm-yyyy hh24:mi:ss.ff'));
insert into JEDA_FUNCTION (FUNCTION_ID, MODULE_ID, FUNCTION_NAME, FUNCTION_URL, FUNCTION_TYPE, FUNCTION_HAS_PERMISSION, FUNCTION_ORDER, FUNCTION_READ_ONLY, FUNCTION_VERSION, FUNCTION_CREATOR, FUNCTION_CREATED, FUNCTION_MODIFIER, FUNCTION_MODIFIED)
values ('SYSTEM_LOG_EXP', 'SYSTEM', '系统运行日志导出', '/jeda/system/systemlogexp*', null, 0, 600009, null, 0, 'admin', to_timestamp('18-03-2014 00:00:00.000000', 'dd-mm-yyyy hh24:mi:ss.ff'), 'admin', to_timestamp('18-03-2014 00:00:00.000000', 'dd-mm-yyyy hh24:mi:ss.ff'));
insert into JEDA_FUNCTION (FUNCTION_ID, MODULE_ID, FUNCTION_NAME, FUNCTION_URL, FUNCTION_TYPE, FUNCTION_HAS_PERMISSION, FUNCTION_ORDER, FUNCTION_READ_ONLY, FUNCTION_VERSION, FUNCTION_CREATOR, FUNCTION_CREATED, FUNCTION_MODIFIER, FUNCTION_MODIFIED)
values ('SYSTEM_DOWN_LINE', 'SYSTEM', '下线设定', '/jeda/system/downline*', null, 0, 600005, null, 0, 'admin', to_timestamp('18-12-2013 00:00:00.000000', 'dd-mm-yyyy hh24:mi:ss.ff'), 'admin', to_timestamp('17-03-2014 00:00:00.000000', 'dd-mm-yyyy hh24:mi:ss.ff'));
insert into JEDA_FUNCTION (FUNCTION_ID, MODULE_ID, FUNCTION_NAME, FUNCTION_URL, FUNCTION_TYPE, FUNCTION_HAS_PERMISSION, FUNCTION_ORDER, FUNCTION_READ_ONLY, FUNCTION_VERSION, FUNCTION_CREATOR, FUNCTION_CREATED, FUNCTION_MODIFIER, FUNCTION_MODIFIED)
values ('CHECK_ERROR_HANDLE', 'CHECK', '错误处理', '/jeda/check/handle*', null, 0, 400004, null, 0, 'admin', to_timestamp('27-02-2014 00:00:00.000000', 'dd-mm-yyyy hh24:mi:ss.ff'), 'admin', to_timestamp('27-02-2014 00:00:00.000000', 'dd-mm-yyyy hh24:mi:ss.ff'));
insert into JEDA_FUNCTION (FUNCTION_ID, MODULE_ID, FUNCTION_NAME, FUNCTION_URL, FUNCTION_TYPE, FUNCTION_HAS_PERMISSION, FUNCTION_ORDER, FUNCTION_READ_ONLY, FUNCTION_VERSION, FUNCTION_CREATOR, FUNCTION_CREATED, FUNCTION_MODIFIER, FUNCTION_MODIFIED)
values ('TOOL_KEYWORD', 'TOOLBOX', '关键字', '/jeda/toolbox/tool_keyword*', null, 0, 500009, null, 0, 'admin', to_timestamp('18-03-2014 00:00:00.000000', 'dd-mm-yyyy hh24:mi:ss.ff'), 'admin', to_timestamp('18-03-2014 00:00:00.000000', 'dd-mm-yyyy hh24:mi:ss.ff'));
insert into JEDA_FUNCTION (FUNCTION_ID, MODULE_ID, FUNCTION_NAME, FUNCTION_URL, FUNCTION_TYPE, FUNCTION_HAS_PERMISSION, FUNCTION_ORDER, FUNCTION_READ_ONLY, FUNCTION_VERSION, FUNCTION_CREATOR, FUNCTION_CREATED, FUNCTION_MODIFIER, FUNCTION_MODIFIED)
values ('TOOL_EXE', 'TOOLBOX', '执行', '/jeda/toolbox/start*', null, 0, 500000, null, 0, 'admin', to_timestamp('13-11-2013 00:00:00.000000', 'dd-mm-yyyy hh24:mi:ss.ff'), 'admin', to_timestamp('17-03-2014 00:00:00.000000', 'dd-mm-yyyy hh24:mi:ss.ff'));
insert into JEDA_FUNCTION (FUNCTION_ID, MODULE_ID, FUNCTION_NAME, FUNCTION_URL, FUNCTION_TYPE, FUNCTION_HAS_PERMISSION, FUNCTION_ORDER, FUNCTION_READ_ONLY, FUNCTION_VERSION, FUNCTION_CREATOR, FUNCTION_CREATED, FUNCTION_MODIFIER, FUNCTION_MODIFIED)
values ('REQ_SCDL', 'DEPLOY', '请求排期', '/jeda/dplyrequestinfo/scdl*', null, 0, 300001, null, 0, 'admin', to_timestamp('13-11-2013 00:00:00.000000', 'dd-mm-yyyy hh24:mi:ss.ff'), 'admin', to_timestamp('25-11-2013 00:00:00.000000', 'dd-mm-yyyy hh24:mi:ss.ff'));
insert into JEDA_FUNCTION (FUNCTION_ID, MODULE_ID, FUNCTION_NAME, FUNCTION_URL, FUNCTION_TYPE, FUNCTION_HAS_PERMISSION, FUNCTION_ORDER, FUNCTION_READ_ONLY, FUNCTION_VERSION, FUNCTION_CREATOR, FUNCTION_CREATED, FUNCTION_MODIFIER, FUNCTION_MODIFIED)
values ('REQ_EXE', 'DEPLOY', '请求执行', '/jeda/dplyrequestinfo/exe*', null, 0, 300004, null, 0, 'admin', to_timestamp('13-11-2013 00:00:00.000000', 'dd-mm-yyyy hh24:mi:ss.ff'), 'admin', to_timestamp('14-11-2013 00:00:00.000000', 'dd-mm-yyyy hh24:mi:ss.ff'));
insert into JEDA_FUNCTION (FUNCTION_ID, MODULE_ID, FUNCTION_NAME, FUNCTION_URL, FUNCTION_TYPE, FUNCTION_HAS_PERMISSION, FUNCTION_ORDER, FUNCTION_READ_ONLY, FUNCTION_VERSION, FUNCTION_CREATOR, FUNCTION_CREATED, FUNCTION_MODIFIER, FUNCTION_MODIFIED)
values ('CHECK_EXE', 'CHECK', '执行', '/jeda/check/exe*', null, 0, 400000, null, 0, 'admin', to_timestamp('13-11-2013 00:00:00.000000', 'dd-mm-yyyy hh24:mi:ss.ff'), 'admin', to_timestamp('25-11-2013 00:00:00.000000', 'dd-mm-yyyy hh24:mi:ss.ff'));
insert into JEDA_FUNCTION (FUNCTION_ID, MODULE_ID, FUNCTION_NAME, FUNCTION_URL, FUNCTION_TYPE, FUNCTION_HAS_PERMISSION, FUNCTION_ORDER, FUNCTION_READ_ONLY, FUNCTION_VERSION, FUNCTION_CREATOR, FUNCTION_CREATED, FUNCTION_MODIFIER, FUNCTION_MODIFIED)
values ('USER_SYSTEM', 'USER', '用户系统设定', '/jeda/user/system*', null, 0, 101027, null, 0, 'admin', to_timestamp('03-07-2013 00:00:00.000000', 'dd-mm-yyyy hh24:mi:ss.ff'), 'admin', to_timestamp('03-07-2013 00:00:00.000000', 'dd-mm-yyyy hh24:mi:ss.ff'));
insert into JEDA_FUNCTION (FUNCTION_ID, MODULE_ID, FUNCTION_NAME, FUNCTION_URL, FUNCTION_TYPE, FUNCTION_HAS_PERMISSION, FUNCTION_ORDER, FUNCTION_READ_ONLY, FUNCTION_VERSION, FUNCTION_CREATOR, FUNCTION_CREATED, FUNCTION_MODIFIER, FUNCTION_MODIFIED)
values ('RELEASE_BRPM_SYNC', 'DEPLOY', 'BRPM同步', '/jeda/release/brpmsync*', null, 0, 300008, null, 0, 'admin', to_timestamp('25-11-2013 00:00:00.000000', 'dd-mm-yyyy hh24:mi:ss.ff'), 'admin', to_timestamp('25-11-2013 00:00:00.000000', 'dd-mm-yyyy hh24:mi:ss.ff'));
insert into JEDA_FUNCTION (FUNCTION_ID, MODULE_ID, FUNCTION_NAME, FUNCTION_URL, FUNCTION_TYPE, FUNCTION_HAS_PERMISSION, FUNCTION_ORDER, FUNCTION_READ_ONLY, FUNCTION_VERSION, FUNCTION_CREATOR, FUNCTION_CREATED, FUNCTION_MODIFIER, FUNCTION_MODIFIED)
values ('RELEASE_BSA_SYNC', 'DEPLOY', 'BSA同步', '/jeda/release/bsasync*', null, 0, 300008, null, 0, 'admin', to_timestamp('25-11-2013 00:00:00.000000', 'dd-mm-yyyy hh24:mi:ss.ff'), 'admin', to_timestamp('25-11-2013 00:00:00.000000', 'dd-mm-yyyy hh24:mi:ss.ff'));
insert into JEDA_FUNCTION (FUNCTION_ID, MODULE_ID, FUNCTION_NAME, FUNCTION_URL, FUNCTION_TYPE, FUNCTION_HAS_PERMISSION, FUNCTION_ORDER, FUNCTION_READ_ONLY, FUNCTION_VERSION, FUNCTION_CREATOR, FUNCTION_CREATED, FUNCTION_MODIFIER, FUNCTION_MODIFIED)
values ('SYSTEM_SUMP_SYNC', 'SYSTEM', '权限同步', '/jeda/system/sumpsync*', null, 0, 600001, null, 1, 'admin', to_timestamp('25-11-2013 00:00:00.000000', 'dd-mm-yyyy hh24:mi:ss.ff'), 'admin', to_timestamp('18-03-2014 00:00:00.000000', 'dd-mm-yyyy hh24:mi:ss.ff'));
insert into JEDA_FUNCTION (FUNCTION_ID, MODULE_ID, FUNCTION_NAME, FUNCTION_URL, FUNCTION_TYPE, FUNCTION_HAS_PERMISSION, FUNCTION_ORDER, FUNCTION_READ_ONLY, FUNCTION_VERSION, FUNCTION_CREATOR, FUNCTION_CREATED, FUNCTION_MODIFIER, FUNCTION_MODIFIED)
values ('SYSTEM_AOP_FLAG', 'SYSTEM', '上线设定', '/jeda/system/aopflag*', null, 0, 600004, null, 0, 'admin', to_timestamp('25-11-2013 00:00:00.000000', 'dd-mm-yyyy hh24:mi:ss.ff'), 'admin', to_timestamp('25-11-2013 00:00:00.000000', 'dd-mm-yyyy hh24:mi:ss.ff'));
insert into JEDA_FUNCTION (FUNCTION_ID, MODULE_ID, FUNCTION_NAME, FUNCTION_URL, FUNCTION_TYPE, FUNCTION_HAS_PERMISSION, FUNCTION_ORDER, FUNCTION_READ_ONLY, FUNCTION_VERSION, FUNCTION_CREATOR, FUNCTION_CREATED, FUNCTION_MODIFIER, FUNCTION_MODIFIED)
values ('SYSTEM_AGENT_CHECK', 'SYSTEM', '代理检测', '/jeda/system/agentcheck*', null, 0, 600006, null, 0, 'admin', to_timestamp('25-11-2013 00:00:00.000000', 'dd-mm-yyyy hh24:mi:ss.ff'), 'admin', to_timestamp('17-03-2014 00:00:00.000000', 'dd-mm-yyyy hh24:mi:ss.ff'));
insert into JEDA_FUNCTION (FUNCTION_ID, MODULE_ID, FUNCTION_NAME, FUNCTION_URL, FUNCTION_TYPE, FUNCTION_HAS_PERMISSION, FUNCTION_ORDER, FUNCTION_READ_ONLY, FUNCTION_VERSION, FUNCTION_CREATOR, FUNCTION_CREATED, FUNCTION_MODIFIER, FUNCTION_MODIFIED)
values ('CHECK_CREATE', 'CHECK', '新建', '/jeda/check/create*', null, 0, 400001, null, 0, 'admin', to_timestamp('25-11-2013 00:00:00.000000', 'dd-mm-yyyy hh24:mi:ss.ff'), 'admin', to_timestamp('25-11-2013 00:00:00.000000', 'dd-mm-yyyy hh24:mi:ss.ff'));
insert into JEDA_FUNCTION (FUNCTION_ID, MODULE_ID, FUNCTION_NAME, FUNCTION_URL, FUNCTION_TYPE, FUNCTION_HAS_PERMISSION, FUNCTION_ORDER, FUNCTION_READ_ONLY, FUNCTION_VERSION, FUNCTION_CREATOR, FUNCTION_CREATED, FUNCTION_MODIFIER, FUNCTION_MODIFIED)
values ('CHECK_EDIT', 'CHECK', '编辑', '/jeda/check/edit*', null, 0, 400002, null, 0, 'admin', to_timestamp('25-11-2013 00:00:00.000000', 'dd-mm-yyyy hh24:mi:ss.ff'), 'admin', to_timestamp('25-11-2013 00:00:00.000000', 'dd-mm-yyyy hh24:mi:ss.ff'));
insert into JEDA_FUNCTION (FUNCTION_ID, MODULE_ID, FUNCTION_NAME, FUNCTION_URL, FUNCTION_TYPE, FUNCTION_HAS_PERMISSION, FUNCTION_ORDER, FUNCTION_READ_ONLY, FUNCTION_VERSION, FUNCTION_CREATOR, FUNCTION_CREATED, FUNCTION_MODIFIER, FUNCTION_MODIFIED)
values ('CHECK_DELETE', 'CHECK', '删除', '/jeda/check/delete*', null, 0, 400003, null, 0, 'admin', to_timestamp('25-11-2013 00:00:00.000000', 'dd-mm-yyyy hh24:mi:ss.ff'), 'admin', to_timestamp('25-11-2013 00:00:00.000000', 'dd-mm-yyyy hh24:mi:ss.ff'));
insert into JEDA_FUNCTION (FUNCTION_ID, MODULE_ID, FUNCTION_NAME, FUNCTION_URL, FUNCTION_TYPE, FUNCTION_HAS_PERMISSION, FUNCTION_ORDER, FUNCTION_READ_ONLY, FUNCTION_VERSION, FUNCTION_CREATOR, FUNCTION_CREATED, FUNCTION_MODIFIER, FUNCTION_MODIFIED)
values ('TOOL_CREATE', 'TOOLBOX', '新建', '/jeda/toolbox/create*', null, 0, 500001, null, 0, 'admin', to_timestamp('25-11-2013 00:00:00.000000', 'dd-mm-yyyy hh24:mi:ss.ff'), 'admin', to_timestamp('25-11-2013 00:00:00.000000', 'dd-mm-yyyy hh24:mi:ss.ff'));
insert into JEDA_FUNCTION (FUNCTION_ID, MODULE_ID, FUNCTION_NAME, FUNCTION_URL, FUNCTION_TYPE, FUNCTION_HAS_PERMISSION, FUNCTION_ORDER, FUNCTION_READ_ONLY, FUNCTION_VERSION, FUNCTION_CREATOR, FUNCTION_CREATED, FUNCTION_MODIFIER, FUNCTION_MODIFIED)
values ('TOOL_EDIT', 'TOOLBOX', '修改', '/jeda/toolbox/edit*', null, 0, 500002, null, 0, 'admin', to_timestamp('25-11-2013 00:00:00.000000', 'dd-mm-yyyy hh24:mi:ss.ff'), 'admin', to_timestamp('25-11-2013 00:00:00.000000', 'dd-mm-yyyy hh24:mi:ss.ff'));
insert into JEDA_FUNCTION (FUNCTION_ID, MODULE_ID, FUNCTION_NAME, FUNCTION_URL, FUNCTION_TYPE, FUNCTION_HAS_PERMISSION, FUNCTION_ORDER, FUNCTION_READ_ONLY, FUNCTION_VERSION, FUNCTION_CREATOR, FUNCTION_CREATED, FUNCTION_MODIFIER, FUNCTION_MODIFIED)
values ('TOOL_DELETE', 'TOOLBOX', '删除', '/jeda/toolbox/delete*', null, 0, 500003, null, 0, 'admin', to_timestamp('25-11-2013 00:00:00.000000', 'dd-mm-yyyy hh24:mi:ss.ff'), 'admin', to_timestamp('25-11-2013 00:00:00.000000', 'dd-mm-yyyy hh24:mi:ss.ff'));
insert into JEDA_FUNCTION (FUNCTION_ID, MODULE_ID, FUNCTION_NAME, FUNCTION_URL, FUNCTION_TYPE, FUNCTION_HAS_PERMISSION, FUNCTION_ORDER, FUNCTION_READ_ONLY, FUNCTION_VERSION, FUNCTION_CREATOR, FUNCTION_CREATED, FUNCTION_MODIFIER, FUNCTION_MODIFIED)
values ('RELEASE_CREATE', 'DEPLOY', '新建', '/jeda/release/create*', null, 0, 300005, null, 0, 'admin', to_timestamp('25-11-2013 00:00:00.000000', 'dd-mm-yyyy hh24:mi:ss.ff'), 'admin', to_timestamp('25-11-2013 00:00:00.000000', 'dd-mm-yyyy hh24:mi:ss.ff'));
insert into JEDA_FUNCTION (FUNCTION_ID, MODULE_ID, FUNCTION_NAME, FUNCTION_URL, FUNCTION_TYPE, FUNCTION_HAS_PERMISSION, FUNCTION_ORDER, FUNCTION_READ_ONLY, FUNCTION_VERSION, FUNCTION_CREATOR, FUNCTION_CREATED, FUNCTION_MODIFIER, FUNCTION_MODIFIED)
values ('RELEASE_EDIT', 'DEPLOY', '修改', '/jeda/release/edit*', null, 0, 300006, null, 0, 'admin', to_timestamp('25-11-2013 00:00:00.000000', 'dd-mm-yyyy hh24:mi:ss.ff'), 'admin', to_timestamp('25-11-2013 00:00:00.000000', 'dd-mm-yyyy hh24:mi:ss.ff'));
insert into JEDA_FUNCTION (FUNCTION_ID, MODULE_ID, FUNCTION_NAME, FUNCTION_URL, FUNCTION_TYPE, FUNCTION_HAS_PERMISSION, FUNCTION_ORDER, FUNCTION_READ_ONLY, FUNCTION_VERSION, FUNCTION_CREATOR, FUNCTION_CREATED, FUNCTION_MODIFIER, FUNCTION_MODIFIED)
values ('RELEASE_DELETE', 'DEPLOY', '删除', '/jeda/release/delete*', null, 0, 300007, null, 0, 'admin', to_timestamp('25-11-2013 00:00:00.000000', 'dd-mm-yyyy hh24:mi:ss.ff'), 'admin', to_timestamp('25-11-2013 00:00:00.000000', 'dd-mm-yyyy hh24:mi:ss.ff'));
insert into JEDA_FUNCTION (FUNCTION_ID, MODULE_ID, FUNCTION_NAME, FUNCTION_URL, FUNCTION_TYPE, FUNCTION_HAS_PERMISSION, FUNCTION_ORDER, FUNCTION_READ_ONLY, FUNCTION_VERSION, FUNCTION_CREATOR, FUNCTION_CREATED, FUNCTION_MODIFIER, FUNCTION_MODIFIED)
values ('REQ_REOPEN', 'DEPLOY', '请求重置', '/jeda/dplyrequestinfo/reopen*', null, 0, 300003, null, 0, 'admin', sysdate , 'admin', sysdate);
commit;

insert into JEDA_ITEM (ITEM_ID, ITEM_NAME, ITEM_DESCRIPTION, ITEM_IS_PERMISSION, ITEM_ORDER, ITEM_READ_ONLY, ITEM_CREATOR, ITEM_CREATED, ITEM_MODIFIER, ITEM_MODIFIED, ITEM_VERSION)
values ('DATA_TYPE', '数据来源', 'A:自动同步  H：手工维护', 0, 116, null, 'admin', sysdate, 'admin', sysdate, 0);
insert into JEDA_ITEM (ITEM_ID, ITEM_NAME, ITEM_DESCRIPTION, ITEM_IS_PERMISSION, ITEM_ORDER, ITEM_READ_ONLY, ITEM_CREATOR, ITEM_CREATED, ITEM_MODIFIER, ITEM_MODIFIED, ITEM_VERSION)
values ('DAYRPT_RUN_STATUE', '报告分析--运行状态', '未处理、正常、异常', 0, 311, null, 'admin', sysdate, 'admin', sysdate, 0);
insert into JEDA_ITEM (ITEM_ID, ITEM_NAME, ITEM_DESCRIPTION, ITEM_IS_PERMISSION, ITEM_ORDER, ITEM_READ_ONLY, ITEM_CREATOR, ITEM_CREATED, ITEM_MODIFIER, ITEM_MODIFIED, ITEM_VERSION)
values ('SERVER_OS_TYPE', '服务器操作系统类型', 'HP-UX、WINDOWS、LINUX、AIX', 0, 116, null, 'admin', sysdate, 'admin', sysdate, 0);
insert into JEDA_ITEM (ITEM_ID, ITEM_NAME, ITEM_DESCRIPTION, ITEM_IS_PERMISSION, ITEM_ORDER, ITEM_READ_ONLY, ITEM_CREATOR, ITEM_CREATED, ITEM_MODIFIER, ITEM_MODIFIED, ITEM_VERSION)
values ('MW_TYPE', '中间件类型', 'WEBLOGIC、TUXEDO', 0, 117, null, 'admin', sysdate, 'admin', sysdate, 0);
insert into JEDA_ITEM (ITEM_ID, ITEM_NAME, ITEM_DESCRIPTION, ITEM_IS_PERMISSION, ITEM_ORDER, ITEM_READ_ONLY, ITEM_CREATOR, ITEM_CREATED, ITEM_MODIFIER, ITEM_MODIFIED, ITEM_VERSION)
values ('DB_TYPE', '数据库类型', 'ORACLE、DB2、OTHER', 0, 118, null, 'admin', sysdate, 'admin', sysdate, 0);
insert into JEDA_ITEM (ITEM_ID, ITEM_NAME, ITEM_DESCRIPTION, ITEM_IS_PERMISSION, ITEM_ORDER, ITEM_READ_ONLY, ITEM_CREATOR, ITEM_CREATED, ITEM_MODIFIER, ITEM_MODIFIED, ITEM_VERSION)
values ('COLLECTION_STATE', '采集状态', '成功、失败', 0, 115, null, 'admin', sysdate, 'admin', sysdate, 0);
insert into JEDA_ITEM (ITEM_ID, ITEM_NAME, ITEM_DESCRIPTION, ITEM_IS_PERMISSION, ITEM_ORDER, ITEM_READ_ONLY, ITEM_CREATOR, ITEM_CREATED, ITEM_MODIFIER, ITEM_MODIFIED, ITEM_VERSION)
values ('ENVIRONMENT_TYPE', '环境类型', '1.开发' || chr(13) || '' || chr(10) || '2.测试' || chr(13) || '' || chr(10) || '3.验证' || chr(13) || '' || chr(10) || '4.生产', 0, 101, null, 'admin', to_timestamp('05-03-2014 00:00:00.000000', 'dd-mm-yyyy hh24:mi:ss.ff'), 'admin', to_timestamp('05-03-2014 00:00:00.000000', 'dd-mm-yyyy hh24:mi:ss.ff'), 0);
insert into JEDA_ITEM (ITEM_ID, ITEM_NAME, ITEM_DESCRIPTION, ITEM_IS_PERMISSION, ITEM_ORDER, ITEM_READ_ONLY, ITEM_CREATOR, ITEM_CREATED, ITEM_MODIFIER, ITEM_MODIFIED, ITEM_VERSION)
values ('LOG_RESOURCE_TYPE', '日志来源', '1.自动化平台' || chr(13) || '' || chr(10) || '2.BRPM' || chr(13) || '' || chr(10) || '3.BSA', 0, 112, null, 'admin', to_timestamp('05-03-2014 00:00:00.000000', 'dd-mm-yyyy hh24:mi:ss.ff'), 'admin', to_timestamp('05-03-2014 00:00:00.000000', 'dd-mm-yyyy hh24:mi:ss.ff'), 0);
insert into JEDA_ITEM (ITEM_ID, ITEM_NAME, ITEM_DESCRIPTION, ITEM_IS_PERMISSION, ITEM_ORDER, ITEM_READ_ONLY, ITEM_CREATOR, ITEM_CREATED, ITEM_MODIFIER, ITEM_MODIFIED, ITEM_VERSION)
values ('SCRIPT_TYPE', '脚本编码', null, 0, 422, null, 'admin', to_timestamp('14-03-2014 00:00:00.000000', 'dd-mm-yyyy hh24:mi:ss.ff'), 'admin', to_timestamp('14-03-2014 00:00:00.000000', 'dd-mm-yyyy hh24:mi:ss.ff'), 0);
insert into JEDA_ITEM (ITEM_ID, ITEM_NAME, ITEM_DESCRIPTION, ITEM_IS_PERMISSION, ITEM_ORDER, ITEM_READ_ONLY, ITEM_CREATOR, ITEM_CREATED, ITEM_MODIFIER, ITEM_MODIFIED, ITEM_VERSION)
values ('REQUEST_MAX_DAY', '可导出请求的最大天数', null, 0, 423, null, 'admin', to_timestamp('19-03-2014 00:00:00.000000', 'dd-mm-yyyy hh24:mi:ss.ff'), 'admin', to_timestamp('19-03-2014 00:00:00.000000', 'dd-mm-yyyy hh24:mi:ss.ff'), 0);
insert into JEDA_ITEM (ITEM_ID, ITEM_NAME, ITEM_DESCRIPTION, ITEM_IS_PERMISSION, ITEM_ORDER, ITEM_READ_ONLY, ITEM_CREATOR, ITEM_CREATED, ITEM_MODIFIER, ITEM_MODIFIED, ITEM_VERSION)
values ('TOOL_CHARSET', '工具字符集', '1：UTF-8 ,2:GBK', 0, 411, null, 'admin', to_timestamp('20-12-2013 00:00:00.000000', 'dd-mm-yyyy hh24:mi:ss.ff'), 'admin', to_timestamp('05-03-2014 00:00:00.000000', 'dd-mm-yyyy hh24:mi:ss.ff'), 0);
insert into JEDA_ITEM (ITEM_ID, ITEM_NAME, ITEM_DESCRIPTION, ITEM_IS_PERMISSION, ITEM_ORDER, ITEM_READ_ONLY, ITEM_CREATOR, ITEM_CREATED, ITEM_MODIFIER, ITEM_MODIFIED, ITEM_VERSION)
values ('CHECK_EXTENDED_OBJECT', '巡检扩展对象', '子项名称：扩展对象名称；' || chr(13) || '' || chr(10) || '子项值：扩展对象对应的日志文件名称', 0, 310, null, 'admin', to_timestamp('27-02-2014 00:00:00.000000', 'dd-mm-yyyy hh24:mi:ss.ff'), 'admin', to_timestamp('05-03-2014 00:00:00.000000', 'dd-mm-yyyy hh24:mi:ss.ff'), 0);
insert into JEDA_ITEM (ITEM_ID, ITEM_NAME, ITEM_DESCRIPTION, ITEM_IS_PERMISSION, ITEM_ORDER, ITEM_READ_ONLY, ITEM_CREATOR, ITEM_CREATED, ITEM_MODIFIER, ITEM_MODIFIED, ITEM_VERSION)
values ('NUM', '服务器最大值', '工具执行页面可同时指定执行服务器的最大数量', 0, 409, null, 'admin', to_timestamp('12-12-2013 00:00:00.000000', 'dd-mm-yyyy hh24:mi:ss.ff'), 'admin', to_timestamp('06-03-2014 00:00:00.000000', 'dd-mm-yyyy hh24:mi:ss.ff'), 0);
insert into JEDA_ITEM (ITEM_ID, ITEM_NAME, ITEM_DESCRIPTION, ITEM_IS_PERMISSION, ITEM_ORDER, ITEM_READ_ONLY, ITEM_CREATOR, ITEM_CREATED, ITEM_MODIFIER, ITEM_MODIFIED, ITEM_VERSION)
values ('REFRESHTIME', '刷新时间', null, 0, 410, null, 'admin', to_timestamp('25-02-2014 00:00:00.000000', 'dd-mm-yyyy hh24:mi:ss.ff'), 'admin', to_timestamp('05-03-2014 00:00:00.000000', 'dd-mm-yyyy hh24:mi:ss.ff'), 0);
insert into JEDA_ITEM (ITEM_ID, ITEM_NAME, ITEM_DESCRIPTION, ITEM_IS_PERMISSION, ITEM_ORDER, ITEM_READ_ONLY, ITEM_CREATOR, ITEM_CREATED, ITEM_MODIFIER, ITEM_MODIFIED, ITEM_VERSION)
values ('OR_AND', '工具匹配的监控策略与关键字之间的关系：或/且', '0 或   ；1 且', 0, 417, null, 'admin', to_timestamp('25-02-2014 00:00:00.000000', 'dd-mm-yyyy hh24:mi:ss.ff'), 'admin', to_timestamp('06-03-2014 00:00:00.000000', 'dd-mm-yyyy hh24:mi:ss.ff'), 0);
insert into JEDA_ITEM (ITEM_ID, ITEM_NAME, ITEM_DESCRIPTION, ITEM_IS_PERMISSION, ITEM_ORDER, ITEM_READ_ONLY, ITEM_CREATOR, ITEM_CREATED, ITEM_MODIFIER, ITEM_MODIFIED, ITEM_VERSION)
values ('OPERATE_TYPE', '操作类型', '导入：导入，导出：导出', 0, 202, null, 'admin', to_timestamp('28-12-2013 00:00:00.000000', 'dd-mm-yyyy hh24:mi:ss.ff'), 'admin', to_timestamp('05-03-2014 00:00:00.000000', 'dd-mm-yyyy hh24:mi:ss.ff'), 0);
insert into JEDA_ITEM (ITEM_ID, ITEM_NAME, ITEM_DESCRIPTION, ITEM_IS_PERMISSION, ITEM_ORDER, ITEM_READ_ONLY, ITEM_CREATOR, ITEM_CREATED, ITEM_MODIFIER, ITEM_MODIFIED, ITEM_VERSION)
values ('OPERATE_SOURCE', '操作资源', '发布请求资源：发布请求资源，发布作业资源：发布作业资源，发布请求资源和发布作业资源：发布请求资源和发布作业资源', 0, 203, null, 'admin', to_timestamp('28-12-2013 00:00:00.000000', 'dd-mm-yyyy hh24:mi:ss.ff'), 'admin', to_timestamp('05-03-2014 00:00:00.000000', 'dd-mm-yyyy hh24:mi:ss.ff'), 0);
insert into JEDA_ITEM (ITEM_ID, ITEM_NAME, ITEM_DESCRIPTION, ITEM_IS_PERMISSION, ITEM_ORDER, ITEM_READ_ONLY, ITEM_CREATOR, ITEM_CREATED, ITEM_MODIFIER, ITEM_MODIFIED, ITEM_VERSION)
values ('MOVE_STATUS', '迁移状态', '进行中:进行中 , 完成:完成 , 失败:失败', 0, 200, null, 'admin', to_timestamp('28-12-2013 00:00:00.000000', 'dd-mm-yyyy hh24:mi:ss.ff'), 'admin', to_timestamp('05-03-2014 00:00:00.000000', 'dd-mm-yyyy hh24:mi:ss.ff'), 0);
insert into JEDA_ITEM (ITEM_ID, ITEM_NAME, ITEM_DESCRIPTION, ITEM_IS_PERMISSION, ITEM_ORDER, ITEM_READ_ONLY, ITEM_CREATOR, ITEM_CREATED, ITEM_MODIFIER, ITEM_MODIFIED, ITEM_VERSION)
values ('JOB_TYPE', '发布作业类型', 'NshJob、DeployJob', 0, 208, null, 'admin', to_timestamp('19-02-2014 00:00:00.000000', 'dd-mm-yyyy hh24:mi:ss.ff'), 'admin', to_timestamp('06-03-2014 00:00:00.000000', 'dd-mm-yyyy hh24:mi:ss.ff'), 0);
insert into JEDA_ITEM (ITEM_ID, ITEM_NAME, ITEM_DESCRIPTION, ITEM_IS_PERMISSION, ITEM_ORDER, ITEM_READ_ONLY, ITEM_CREATOR, ITEM_CREATED, ITEM_MODIFIER, ITEM_MODIFIED, ITEM_VERSION)
values ('INCONSISTENT_HANDLE_STATUS', '巡检故障处理状态', '1.未处理 2.已解决 3.处理中 4.正常', 0, 300, null, 'admin', to_timestamp('20-02-2014 00:00:00.000000', 'dd-mm-yyyy hh24:mi:ss.ff'), 'admin', to_timestamp('19-03-2014 00:00:00.000000', 'dd-mm-yyyy hh24:mi:ss.ff'), 1);
insert into JEDA_ITEM (ITEM_ID, ITEM_NAME, ITEM_DESCRIPTION, ITEM_IS_PERMISSION, ITEM_ORDER, ITEM_READ_ONLY, ITEM_CREATOR, ITEM_CREATED, ITEM_MODIFIER, ITEM_MODIFIED, ITEM_VERSION)
values ('HANDLE_STATUS', '报警状态', '1,未处理；2，已处理；3，已忽略', 0, 416, null, 'admin', to_timestamp('21-02-2014 00:00:00.000000', 'dd-mm-yyyy hh24:mi:ss.ff'), 'admin', to_timestamp('05-03-2014 00:00:00.000000', 'dd-mm-yyyy hh24:mi:ss.ff'), 0);
insert into JEDA_ITEM (ITEM_ID, ITEM_NAME, ITEM_DESCRIPTION, ITEM_IS_PERMISSION, ITEM_ORDER, ITEM_READ_ONLY, ITEM_CREATOR, ITEM_CREATED, ITEM_MODIFIER, ITEM_MODIFIED, ITEM_VERSION)
values ('MANAGEBYCENTER', '接管状态', '0：未接管；1：已接管', 0, 419, null, 'admin', to_timestamp('13-03-2014 00:00:00.000000', 'dd-mm-yyyy hh24:mi:ss.ff'), 'admin', to_timestamp('13-03-2014 00:00:00.000000', 'dd-mm-yyyy hh24:mi:ss.ff'), 0);
insert into JEDA_ITEM (ITEM_ID, ITEM_NAME, ITEM_DESCRIPTION, ITEM_IS_PERMISSION, ITEM_ORDER, ITEM_READ_ONLY, ITEM_CREATOR, ITEM_CREATED, ITEM_MODIFIER, ITEM_MODIFIED, ITEM_VERSION)
values ('EVENTSTATUS', '事件状态', '0新事件' || chr(13) || '' || chr(10) || '1已恢复未关闭（自动恢复）' || chr(13) || '' || chr(10) || '2 已恢复并且关闭（自动恢复）' || chr(13) || '' || chr(10) || '3已关闭（手工关闭）' || chr(13) || '' || chr(10) || '4已强制关闭（针对可恢复事件，当恢复事件不能收到时，应用强制关闭.还包括大于某个级别的事件，需要手工强制关闭）', 0, 421, null, 'admin', to_timestamp('13-03-2014 00:00:00.000000', 'dd-mm-yyyy hh24:mi:ss.ff'), 'admin', to_timestamp('13-03-2014 00:00:00.000000', 'dd-mm-yyyy hh24:mi:ss.ff'), 0);
insert into JEDA_ITEM (ITEM_ID, ITEM_NAME, ITEM_DESCRIPTION, ITEM_IS_PERMISSION, ITEM_ORDER, ITEM_READ_ONLY, ITEM_CREATOR, ITEM_CREATED, ITEM_MODIFIER, ITEM_MODIFIED, ITEM_VERSION)
values ('MAINTAINSTATUS', '维护期', '0代表非维护期状态；1代表维护期状态；2代表出维护期状态', 0, 420, null, 'admin', to_timestamp('13-03-2014 00:00:00.000000', 'dd-mm-yyyy hh24:mi:ss.ff'), 'admin', to_timestamp('13-03-2014 00:00:00.000000', 'dd-mm-yyyy hh24:mi:ss.ff'), 0);
insert into JEDA_ITEM (ITEM_ID, ITEM_NAME, ITEM_DESCRIPTION, ITEM_IS_PERMISSION, ITEM_ORDER, ITEM_READ_ONLY, ITEM_CREATOR, ITEM_CREATED, ITEM_MODIFIER, ITEM_MODIFIED, ITEM_VERSION)
values ('CHECK_STATUS', '检查状态', null, 0, 0, null, 'admin', to_timestamp('20-02-2014 00:00:00.000000', 'dd-mm-yyyy hh24:mi:ss.ff'), 'admin', to_timestamp('20-02-2014 00:00:00.000000', 'dd-mm-yyyy hh24:mi:ss.ff'), 0);
insert into JEDA_ITEM (ITEM_ID, ITEM_NAME, ITEM_DESCRIPTION, ITEM_IS_PERMISSION, ITEM_ORDER, ITEM_READ_ONLY, ITEM_CREATOR, ITEM_CREATED, ITEM_MODIFIER, ITEM_MODIFIED, ITEM_VERSION)
values ('CHECK_FLOAT_TIME', '浮动时间', '错误处理的数据查询浮动时间', 0, 301, null, 'admin', to_timestamp('20-02-2014 00:00:00.000000', 'dd-mm-yyyy hh24:mi:ss.ff'), 'admin', to_timestamp('19-03-2014 00:00:00.000000', 'dd-mm-yyyy hh24:mi:ss.ff'), 1);
insert into JEDA_ITEM (ITEM_ID, ITEM_NAME, ITEM_DESCRIPTION, ITEM_IS_PERMISSION, ITEM_ORDER, ITEM_READ_ONLY, ITEM_CREATOR, ITEM_CREATED, ITEM_MODIFIER, ITEM_MODIFIED, ITEM_VERSION)
values ('CHECK_EXPORT_FILE_TYPE', '巡检迁移文件类型', '1.组件模板 2.巡检作业 3.扩展对象', 0, 308, null, 'admin', to_timestamp('11-02-2014 00:00:00.000000', 'dd-mm-yyyy hh24:mi:ss.ff'), 'admin', to_timestamp('05-03-2014 00:00:00.000000', 'dd-mm-yyyy hh24:mi:ss.ff'), 0);
insert into JEDA_ITEM (ITEM_ID, ITEM_NAME, ITEM_DESCRIPTION, ITEM_IS_PERMISSION, ITEM_ORDER, ITEM_READ_ONLY, ITEM_CREATOR, ITEM_CREATED, ITEM_MODIFIER, ITEM_MODIFIED, ITEM_VERSION)
values ('CHECK_COMMONLY_METHOD', '巡检错误处理常用方法', '巡检错误处理常用的解决方法', 0, 309, null, 'admin', to_timestamp('26-02-2014 00:00:00.000000', 'dd-mm-yyyy hh24:mi:ss.ff'), 'admin', to_timestamp('05-03-2014 00:00:00.000000', 'dd-mm-yyyy hh24:mi:ss.ff'), 0);
insert into JEDA_ITEM (ITEM_ID, ITEM_NAME, ITEM_DESCRIPTION, ITEM_IS_PERMISSION, ITEM_ORDER, ITEM_READ_ONLY, ITEM_CREATOR, ITEM_CREATED, ITEM_MODIFIER, ITEM_MODIFIED, ITEM_VERSION)
values ('AUTHORIZE_LEVEL', '授权级别', null, 0, 412, null, 'admin', to_timestamp('24-01-2014 00:00:00.000000', 'dd-mm-yyyy hh24:mi:ss.ff'), 'admin', to_timestamp('05-03-2014 00:00:00.000000', 'dd-mm-yyyy hh24:mi:ss.ff'), 0);
insert into JEDA_ITEM (ITEM_ID, ITEM_NAME, ITEM_DESCRIPTION, ITEM_IS_PERMISSION, ITEM_ORDER, ITEM_READ_ONLY, ITEM_CREATOR, ITEM_CREATED, ITEM_MODIFIER, ITEM_MODIFIED, ITEM_VERSION)
values ('PARAM_TYPE', '参数类型', '1--字符串，2--整型，3--日期，4--时间，5--ip地址', 0, 406, null, 'admin', to_timestamp('05-03-2014 00:00:00.000000', 'dd-mm-yyyy hh24:mi:ss.ff'), 'admin', to_timestamp('05-03-2014 00:00:00.000000', 'dd-mm-yyyy hh24:mi:ss.ff'), 0);
insert into JEDA_ITEM (ITEM_ID, ITEM_NAME, ITEM_DESCRIPTION, ITEM_IS_PERMISSION, ITEM_ORDER, ITEM_READ_ONLY, ITEM_CREATOR, ITEM_CREATED, ITEM_MODIFIER, ITEM_MODIFIED, ITEM_VERSION)
values ('ALARM_LEVEL', '告警级别', '1 - 一级告警，2 - 二级告警， 3 - 三级告警', 0, 418, null, 'admin', to_timestamp('13-03-2014 00:00:00.000000', 'dd-mm-yyyy hh24:mi:ss.ff'), 'admin', to_timestamp('13-03-2014 00:00:00.000000', 'dd-mm-yyyy hh24:mi:ss.ff'), 0);
insert into JEDA_ITEM (ITEM_ID, ITEM_NAME, ITEM_DESCRIPTION, ITEM_IS_PERMISSION, ITEM_ORDER, ITEM_READ_ONLY, ITEM_CREATOR, ITEM_CREATED, ITEM_MODIFIER, ITEM_MODIFIED, ITEM_VERSION)
values ('SERVER_GROUP', '服务器分组', 'WEB、APP、DB', 0, 100, null, 'admin', to_timestamp('02-11-2013 00:00:00.000000', 'dd-mm-yyyy hh24:mi:ss.ff'), 'admin', to_timestamp('02-11-2013 00:00:00.000000', 'dd-mm-yyyy hh24:mi:ss.ff'), 0);
insert into JEDA_ITEM (ITEM_ID, ITEM_NAME, ITEM_DESCRIPTION, ITEM_IS_PERMISSION, ITEM_ORDER, ITEM_READ_ONLY, ITEM_CREATOR, ITEM_CREATED, ITEM_MODIFIER, ITEM_MODIFIED, ITEM_VERSION)
values ('CHECK_TYPE', '巡检类型', '1.合规巡检 2.健康巡检', 0, 302, null, 'admin', to_timestamp('09-11-2013 00:00:00.000000', 'dd-mm-yyyy hh24:mi:ss.ff'), 'admin', to_timestamp('05-03-2014 00:00:00.000000', 'dd-mm-yyyy hh24:mi:ss.ff'), 0);
insert into JEDA_ITEM (ITEM_ID, ITEM_NAME, ITEM_DESCRIPTION, ITEM_IS_PERMISSION, ITEM_ORDER, ITEM_READ_ONLY, ITEM_CREATOR, ITEM_CREATED, ITEM_MODIFIER, ITEM_MODIFIED, ITEM_VERSION)
values ('CHECK_AUTHORIZE_LEVEL_TYPE', '巡检授权级别分类', '1.常规巡检: 2.临时巡检', 0, 303, null, 'admin', to_timestamp('09-11-2013 00:00:00.000000', 'dd-mm-yyyy hh24:mi:ss.ff'), 'admin', to_timestamp('19-03-2014 00:00:00.000000', 'dd-mm-yyyy hh24:mi:ss.ff'), 1);
insert into JEDA_ITEM (ITEM_ID, ITEM_NAME, ITEM_DESCRIPTION, ITEM_IS_PERMISSION, ITEM_ORDER, ITEM_READ_ONLY, ITEM_CREATOR, ITEM_CREATED, ITEM_MODIFIER, ITEM_MODIFIED, ITEM_VERSION)
values ('CHECK_FIELD_TYPE', '巡检专业领域分类', 'APP：应用巡检  OS：系统巡检  DB：数据库巡检  MW：中间件巡检  NETWORK：网络巡检  GENERAL：通用巡检', 0, 304, null, 'admin', to_timestamp('09-11-2013 00:00:00.000000', 'dd-mm-yyyy hh24:mi:ss.ff'), 'admin', to_timestamp('05-03-2014 00:00:00.000000', 'dd-mm-yyyy hh24:mi:ss.ff'), 0);
insert into JEDA_ITEM (ITEM_ID, ITEM_NAME, ITEM_DESCRIPTION, ITEM_IS_PERMISSION, ITEM_ORDER, ITEM_READ_ONLY, ITEM_CREATOR, ITEM_CREATED, ITEM_MODIFIER, ITEM_MODIFIED, ITEM_VERSION)
values ('JOB_STATUS', '作业状态', '1：开发中  2：发布', 0, 305, null, 'admin', to_timestamp('09-11-2013 00:00:00.000000', 'dd-mm-yyyy hh24:mi:ss.ff'), 'admin', to_timestamp('05-03-2014 00:00:00.000000', 'dd-mm-yyyy hh24:mi:ss.ff'), 0);
insert into JEDA_ITEM (ITEM_ID, ITEM_NAME, ITEM_DESCRIPTION, ITEM_IS_PERMISSION, ITEM_ORDER, ITEM_READ_ONLY, ITEM_CREATOR, ITEM_CREATED, ITEM_MODIFIER, ITEM_MODIFIED, ITEM_VERSION)
values ('JOB_FRONTLINE_FLAG', '一线是否可用', '0：否  1：是', 0, 108, null, 'admin', to_timestamp('09-11-2013 00:00:00.000000', 'dd-mm-yyyy hh24:mi:ss.ff'), 'admin', to_timestamp('05-03-2014 00:00:00.000000', 'dd-mm-yyyy hh24:mi:ss.ff'), 0);
insert into JEDA_ITEM (ITEM_ID, ITEM_NAME, ITEM_DESCRIPTION, ITEM_IS_PERMISSION, ITEM_ORDER, ITEM_READ_ONLY, ITEM_CREATOR, ITEM_CREATED, ITEM_MODIFIER, ITEM_MODIFIED, ITEM_VERSION)
values ('JOB_AUTHORIZE_FLAG', '作业是否需要授权', '0：否  1：是', 0, 109, null, 'admin', to_timestamp('09-11-2013 00:00:00.000000', 'dd-mm-yyyy hh24:mi:ss.ff'), 'admin', to_timestamp('05-03-2014 00:00:00.000000', 'dd-mm-yyyy hh24:mi:ss.ff'), 0);
insert into JEDA_ITEM (ITEM_ID, ITEM_NAME, ITEM_DESCRIPTION, ITEM_IS_PERMISSION, ITEM_ORDER, ITEM_READ_ONLY, ITEM_CREATOR, ITEM_CREATED, ITEM_MODIFIER, ITEM_MODIFIED, ITEM_VERSION)
values ('SHARE_STORE_FLAG', '共享存储标示', '0：否、1：是', 0, 105, null, 'admin', to_timestamp('02-11-2013 00:00:00.000000', 'dd-mm-yyyy hh24:mi:ss.ff'), 'admin', to_timestamp('05-03-2014 00:00:00.000000', 'dd-mm-yyyy hh24:mi:ss.ff'), 0);
insert into JEDA_ITEM (ITEM_ID, ITEM_NAME, ITEM_DESCRIPTION, ITEM_IS_PERMISSION, ITEM_ORDER, ITEM_READ_ONLY, ITEM_CREATOR, ITEM_CREATED, ITEM_MODIFIER, ITEM_MODIFIED, ITEM_VERSION)
values ('APP_PATTERN', '应用模式', '主机、备机、负载均衡', 0, 104, null, 'admin', to_timestamp('02-11-2013 00:00:00.000000', 'dd-mm-yyyy hh24:mi:ss.ff'), 'admin', to_timestamp('05-03-2014 00:00:00.000000', 'dd-mm-yyyy hh24:mi:ss.ff'), 0);
insert into JEDA_ITEM (ITEM_ID, ITEM_NAME, ITEM_DESCRIPTION, ITEM_IS_PERMISSION, ITEM_ORDER, ITEM_READ_ONLY, ITEM_CREATOR, ITEM_CREATED, ITEM_MODIFIER, ITEM_MODIFIED, ITEM_VERSION)
values ('AUTHORIZE_LEVEL_TYPE', '授权级别分类', '1--常用工具，2--应急工具', 0, 401, null, 'admin', to_timestamp('11-11-2013 00:00:00.000000', 'dd-mm-yyyy hh24:mi:ss.ff'), 'admin', to_timestamp('05-03-2014 00:00:00.000000', 'dd-mm-yyyy hh24:mi:ss.ff'), 0);
insert into JEDA_ITEM (ITEM_ID, ITEM_NAME, ITEM_DESCRIPTION, ITEM_IS_PERMISSION, ITEM_ORDER, ITEM_READ_ONLY, ITEM_CREATOR, ITEM_CREATED, ITEM_MODIFIER, ITEM_MODIFIED, ITEM_VERSION)
values ('TOOL_POSITION_TYPE', '工具存放场所分类', '1--管理服务器,2--被管服务器', 0, 403, null, 'admin', to_timestamp('11-11-2013 00:00:00.000000', 'dd-mm-yyyy hh24:mi:ss.ff'), 'admin', to_timestamp('05-03-2014 00:00:00.000000', 'dd-mm-yyyy hh24:mi:ss.ff'), 0);
insert into JEDA_ITEM (ITEM_ID, ITEM_NAME, ITEM_DESCRIPTION, ITEM_IS_PERMISSION, ITEM_ORDER, ITEM_READ_ONLY, ITEM_CREATOR, ITEM_CREATED, ITEM_MODIFIER, ITEM_MODIFIED, ITEM_VERSION)
values ('BSA_AGENT_FLAG', 'BSA代理安装标示', '0：未安装、1：已安装', 0, 102, null, 'admin', to_timestamp('02-11-2013 00:00:00.000000', 'dd-mm-yyyy hh24:mi:ss.ff'), 'admin', to_timestamp('05-03-2014 00:00:00.000000', 'dd-mm-yyyy hh24:mi:ss.ff'), 0);
insert into JEDA_ITEM (ITEM_ID, ITEM_NAME, ITEM_DESCRIPTION, ITEM_IS_PERMISSION, ITEM_ORDER, ITEM_READ_ONLY, ITEM_CREATOR, ITEM_CREATED, ITEM_MODIFIER, ITEM_MODIFIED, ITEM_VERSION)
values ('OS_TYPE', '操作系统类型', '1：AIX、2：HPUNIX、3：SUSELinux、4：Windows、…', 0, 106, null, 'admin', to_timestamp('02-11-2013 00:00:00.000000', 'dd-mm-yyyy hh24:mi:ss.ff'), 'admin', to_timestamp('05-03-2014 00:00:00.000000', 'dd-mm-yyyy hh24:mi:ss.ff'), 0);
insert into JEDA_ITEM (ITEM_ID, ITEM_NAME, ITEM_DESCRIPTION, ITEM_IS_PERMISSION, ITEM_ORDER, ITEM_READ_ONLY, ITEM_CREATOR, ITEM_CREATED, ITEM_MODIFIER, ITEM_MODIFIED, ITEM_VERSION)
values ('TURN_SWITCH', '启停开关', '0:关闭、1：打开', 0, 103, null, 'admin', to_timestamp('06-11-2013 00:00:00.000000', 'dd-mm-yyyy hh24:mi:ss.ff'), 'admin', to_timestamp('05-03-2014 00:00:00.000000', 'dd-mm-yyyy hh24:mi:ss.ff'), 0);
insert into JEDA_ITEM (ITEM_ID, ITEM_NAME, ITEM_DESCRIPTION, ITEM_IS_PERMISSION, ITEM_ORDER, ITEM_READ_ONLY, ITEM_CREATOR, ITEM_CREATED, ITEM_MODIFIER, ITEM_MODIFIED, ITEM_VERSION)
values ('EXEC_STATUS', '执行状态', '1：未发布、2：等待中、3：发布中、4：正常结束、5：异常结束', 0, 107, null, 'admin', to_timestamp('06-11-2013 00:00:00.000000', 'dd-mm-yyyy hh24:mi:ss.ff'), 'admin', to_timestamp('05-03-2014 00:00:00.000000', 'dd-mm-yyyy hh24:mi:ss.ff'), 0);
insert into JEDA_ITEM (ITEM_ID, ITEM_NAME, ITEM_DESCRIPTION, ITEM_IS_PERMISSION, ITEM_ORDER, ITEM_READ_ONLY, ITEM_CREATOR, ITEM_CREATED, ITEM_MODIFIER, ITEM_MODIFIED, ITEM_VERSION)
values ('JOB_CONFIG_WEEK', '作业配置星期', '星期日到星期一', 0, 306, null, 'admin', to_timestamp('16-11-2013 00:00:00.000000', 'dd-mm-yyyy hh24:mi:ss.ff'), 'admin', to_timestamp('05-03-2014 00:00:00.000000', 'dd-mm-yyyy hh24:mi:ss.ff'), 0);
insert into JEDA_ITEM (ITEM_ID, ITEM_NAME, ITEM_DESCRIPTION, ITEM_IS_PERMISSION, ITEM_ORDER, ITEM_READ_ONLY, ITEM_CREATOR, ITEM_CREATED, ITEM_MODIFIER, ITEM_MODIFIED, ITEM_VERSION)
values ('GROUP_SERVER_FLAG', '组/服务器标示', '1：组、2：服务器', 0, 407, null, 'admin', to_timestamp('20-11-2013 00:00:00.000000', 'dd-mm-yyyy hh24:mi:ss.ff'), 'admin', to_timestamp('05-03-2014 00:00:00.000000', 'dd-mm-yyyy hh24:mi:ss.ff'), 0);
insert into JEDA_ITEM (ITEM_ID, ITEM_NAME, ITEM_DESCRIPTION, ITEM_IS_PERMISSION, ITEM_ORDER, ITEM_READ_ONLY, ITEM_CREATOR, ITEM_CREATED, ITEM_MODIFIER, ITEM_MODIFIED, ITEM_VERSION)
values ('LOG_TYPE', '日志类型', '1.应用发布' || chr(13) || '' || chr(10) || '2.工具箱' || chr(13) || '' || chr(10) || '3.自动巡检', 0, 111, null, 'admin', to_timestamp('29-11-2013 00:00:00.000000', 'dd-mm-yyyy hh24:mi:ss.ff'), 'admin', to_timestamp('05-03-2014 00:00:00.000000', 'dd-mm-yyyy hh24:mi:ss.ff'), 0);
insert into JEDA_ITEM (ITEM_ID, ITEM_NAME, ITEM_DESCRIPTION, ITEM_IS_PERMISSION, ITEM_ORDER, ITEM_READ_ONLY, ITEM_CREATOR, ITEM_CREATED, ITEM_MODIFIER, ITEM_MODIFIED, ITEM_VERSION)
values ('TOOLBOX_OS_USER_FLAG', '操作系统用户指定', '0：不指定、1：指定', 0, 408, null, 'admin', to_timestamp('01-12-2013 00:00:00.000000', 'dd-mm-yyyy hh24:mi:ss.ff'), 'admin', to_timestamp('05-03-2014 00:00:00.000000', 'dd-mm-yyyy hh24:mi:ss.ff'), 0);
insert into JEDA_ITEM(item_id, item_name, item_description, item_is_permission, item_order,item_read_only, item_creator, item_created, item_modifier, item_modified, item_version)
values('ACTIVE_BATCH_HOST', '活动主机IP', '日报批量的活动主机IP', '0', '1', '','admin', sysdate, 'admin', sysdate, '0');
insert into JEDA_ITEM(item_id, item_name, item_description, item_is_permission, item_order, item_read_only, item_creator, item_created, item_modifier, item_modified, item_version)
values('SING_USER_IMP_MUL_SYS_SWITCH', '单用户导入多系统开关', '1.打开、1.关闭', '0', '500', '', 'admin', sysdate, 'admin', sysdate, '0');
insert into JEDA_ITEM(item_id, item_name, item_description, item_is_permission, item_order, item_read_only, item_creator, item_created, item_modifier, item_modified, item_version)
values('FIELD_TYPE_DIRECTION', '分类方向', '专业分类', '0', '424', null, 'admin', sysdate, 'admin', sysdate, '0');
insert into JEDA_ITEM(item_id, item_name, item_description, item_is_permission, item_order, item_read_only, item_creator, item_created, item_modifier, item_modified, item_version)
values('ARCH_TYPE', '服务器分类', '服务器类型：WEB/APP/DB', '0', '0', null, 'admin', sysdate, 'admin', sysdate, '0');
commit;

insert into JEDA_SUB_ITEM (SUB_ITEM_ID, ITEM_ID, SUB_ITEM_NAME, SUB_ITEM_VALUE, SUB_ITEM_CASCADE, SUB_ITEM_DESCRIPTION, SUB_ITEM_ORDER, SUB_ITEM_CREATOR, SUB_ITEM_CREATED, SUB_ITEM_MODIFIER, SUB_ITEM_MODIFIED, SUB_ITEM_VERSION)
values ('1231', 'ARCH_TYPE', 'WEB服务器', '1', 0, null, 1, 'admin', sysdate, 'admin', sysdate, 0);
insert into JEDA_SUB_ITEM (SUB_ITEM_ID, ITEM_ID, SUB_ITEM_NAME, SUB_ITEM_VALUE, SUB_ITEM_CASCADE, SUB_ITEM_DESCRIPTION, SUB_ITEM_ORDER, SUB_ITEM_CREATOR, SUB_ITEM_CREATED, SUB_ITEM_MODIFIER, SUB_ITEM_MODIFIED, SUB_ITEM_VERSION)
values ('1232', 'ARCH_TYPE', 'APP服务器', '2', 0, null, 2, 'admin', sysdate, 'admin', sysdate, 0);
insert into JEDA_SUB_ITEM (SUB_ITEM_ID, ITEM_ID, SUB_ITEM_NAME, SUB_ITEM_VALUE, SUB_ITEM_CASCADE, SUB_ITEM_DESCRIPTION, SUB_ITEM_ORDER, SUB_ITEM_CREATOR, SUB_ITEM_CREATED, SUB_ITEM_MODIFIER, SUB_ITEM_MODIFIED, SUB_ITEM_VERSION)
values ('1233', 'ARCH_TYPE', 'DB服务器', '3', 0, null, 3, 'admin', sysdate, 'admin', sysdate, 0);
insert into JEDA_SUB_ITEM (SUB_ITEM_ID, ITEM_ID, SUB_ITEM_NAME, SUB_ITEM_VALUE, SUB_ITEM_CASCADE, SUB_ITEM_DESCRIPTION, SUB_ITEM_ORDER, SUB_ITEM_CREATOR, SUB_ITEM_CREATED, SUB_ITEM_MODIFIER, SUB_ITEM_MODIFIED, SUB_ITEM_VERSION)
values ('1234', 'ARCH_TYPE', 'APP+DB服务器', '4', 0, null, 4, 'admin', sysdate, 'admin', sysdate, 0);
insert into JEDA_SUB_ITEM (SUB_ITEM_ID, ITEM_ID, SUB_ITEM_NAME, SUB_ITEM_VALUE, SUB_ITEM_CASCADE, SUB_ITEM_DESCRIPTION, SUB_ITEM_ORDER, SUB_ITEM_CREATOR, SUB_ITEM_CREATED, SUB_ITEM_MODIFIER, SUB_ITEM_MODIFIED, SUB_ITEM_VERSION)
values ('1235', 'ARCH_TYPE', 'WEB+APP+DB服务器', '5', 0, null, 5, 'admin', sysdate, 'admin', sysdate, 0);

insert into JEDA_SUB_ITEM (SUB_ITEM_ID, ITEM_ID, SUB_ITEM_NAME, SUB_ITEM_VALUE, SUB_ITEM_CASCADE, SUB_ITEM_DESCRIPTION, SUB_ITEM_ORDER, SUB_ITEM_CREATOR, SUB_ITEM_CREATED, SUB_ITEM_MODIFIER, SUB_ITEM_MODIFIED, SUB_ITEM_VERSION)
values ('1213', 'COLLECTION_STATE', '成功', '成功', 0, null, 0, 'admin', sysdate, 'admin', sysdate, 0);
insert into JEDA_SUB_ITEM (SUB_ITEM_ID, ITEM_ID, SUB_ITEM_NAME, SUB_ITEM_VALUE, SUB_ITEM_CASCADE, SUB_ITEM_DESCRIPTION, SUB_ITEM_ORDER, SUB_ITEM_CREATOR, SUB_ITEM_CREATED, SUB_ITEM_MODIFIER, SUB_ITEM_MODIFIED, SUB_ITEM_VERSION)
values ('1214', 'COLLECTION_STATE', '失败', '失败', 0, null, 1, 'admin', sysdate, 'admin', sysdate, 0);

insert into JEDA_SUB_ITEM (SUB_ITEM_ID, ITEM_ID, SUB_ITEM_NAME, SUB_ITEM_VALUE, SUB_ITEM_CASCADE, SUB_ITEM_DESCRIPTION, SUB_ITEM_ORDER, SUB_ITEM_CREATOR, SUB_ITEM_CREATED, SUB_ITEM_MODIFIER, SUB_ITEM_MODIFIED, SUB_ITEM_VERSION)
values ('1215', 'SERVER_OS_TYPE', 'HP-UX', 'HP-UX', 0, null, 0, 'admin', sysdate, 'admin', sysdate, 0);
insert into JEDA_SUB_ITEM (SUB_ITEM_ID, ITEM_ID, SUB_ITEM_NAME, SUB_ITEM_VALUE, SUB_ITEM_CASCADE, SUB_ITEM_DESCRIPTION, SUB_ITEM_ORDER, SUB_ITEM_CREATOR, SUB_ITEM_CREATED, SUB_ITEM_MODIFIER, SUB_ITEM_MODIFIED, SUB_ITEM_VERSION)
values ('1216', 'SERVER_OS_TYPE', 'LINUX', 'LINUX', 0, null, 1, 'admin', sysdate, 'admin', sysdate, 0);
insert into JEDA_SUB_ITEM (SUB_ITEM_ID, ITEM_ID, SUB_ITEM_NAME, SUB_ITEM_VALUE, SUB_ITEM_CASCADE, SUB_ITEM_DESCRIPTION, SUB_ITEM_ORDER, SUB_ITEM_CREATOR, SUB_ITEM_CREATED, SUB_ITEM_MODIFIER, SUB_ITEM_MODIFIED, SUB_ITEM_VERSION)
values ('1217', 'SERVER_OS_TYPE', 'AIX', 'AIX', 0, null, 2, 'admin', sysdate, 'admin', sysdate, 0);
insert into JEDA_SUB_ITEM (SUB_ITEM_ID, ITEM_ID, SUB_ITEM_NAME, SUB_ITEM_VALUE, SUB_ITEM_CASCADE, SUB_ITEM_DESCRIPTION, SUB_ITEM_ORDER, SUB_ITEM_CREATOR, SUB_ITEM_CREATED, SUB_ITEM_MODIFIER, SUB_ITEM_MODIFIED, SUB_ITEM_VERSION)
values ('1218', 'SERVER_OS_TYPE', 'WINDOWS', 'WINDOWS', 0, null, 3, 'admin', sysdate, 'admin', sysdate, 0);

insert into JEDA_SUB_ITEM (SUB_ITEM_ID, ITEM_ID, SUB_ITEM_NAME, SUB_ITEM_VALUE, SUB_ITEM_CASCADE, SUB_ITEM_DESCRIPTION, SUB_ITEM_ORDER, SUB_ITEM_CREATOR, SUB_ITEM_CREATED, SUB_ITEM_MODIFIER, SUB_ITEM_MODIFIED, SUB_ITEM_VERSION)
values ('1219', 'MW_TYPE', 'WEBLOGIC', 'WEBLOGIC', 0, null, 0, 'admin', sysdate, 'admin', sysdate, 0);
insert into JEDA_SUB_ITEM (SUB_ITEM_ID, ITEM_ID, SUB_ITEM_NAME, SUB_ITEM_VALUE, SUB_ITEM_CASCADE, SUB_ITEM_DESCRIPTION, SUB_ITEM_ORDER, SUB_ITEM_CREATOR, SUB_ITEM_CREATED, SUB_ITEM_MODIFIER, SUB_ITEM_MODIFIED, SUB_ITEM_VERSION)
values ('1220', 'MW_TYPE', 'TUXEDO', 'TUXEDO', 0, null, 1, 'admin', sysdate, 'admin', sysdate, 0);

insert into JEDA_SUB_ITEM (SUB_ITEM_ID, ITEM_ID, SUB_ITEM_NAME, SUB_ITEM_VALUE, SUB_ITEM_CASCADE, SUB_ITEM_DESCRIPTION, SUB_ITEM_ORDER, SUB_ITEM_CREATOR, SUB_ITEM_CREATED, SUB_ITEM_MODIFIER, SUB_ITEM_MODIFIED, SUB_ITEM_VERSION)
values ('1221', 'DB_TYPE', 'ORACLE', 'ORACLE', 0, null, 0, 'admin', sysdate, 'admin', sysdate, 0);
insert into JEDA_SUB_ITEM (SUB_ITEM_ID, ITEM_ID, SUB_ITEM_NAME, SUB_ITEM_VALUE, SUB_ITEM_CASCADE, SUB_ITEM_DESCRIPTION, SUB_ITEM_ORDER, SUB_ITEM_CREATOR, SUB_ITEM_CREATED, SUB_ITEM_MODIFIER, SUB_ITEM_MODIFIED, SUB_ITEM_VERSION)
values ('1222', 'DB_TYPE', 'DB2', 'DB2', 0, null, 1, 'admin', sysdate, 'admin', sysdate, 0);
insert into JEDA_SUB_ITEM (SUB_ITEM_ID, ITEM_ID, SUB_ITEM_NAME, SUB_ITEM_VALUE, SUB_ITEM_CASCADE, SUB_ITEM_DESCRIPTION, SUB_ITEM_ORDER, SUB_ITEM_CREATOR, SUB_ITEM_CREATED, SUB_ITEM_MODIFIER, SUB_ITEM_MODIFIED, SUB_ITEM_VERSION)
values ('1223', 'DB_TYPE', 'OTHER', 'OTHER', 0, null, 2, 'admin', sysdate, 'admin', sysdate, 0);

insert into JEDA_SUB_ITEM (SUB_ITEM_ID, ITEM_ID, SUB_ITEM_NAME, SUB_ITEM_VALUE, SUB_ITEM_CASCADE, SUB_ITEM_DESCRIPTION, SUB_ITEM_ORDER, SUB_ITEM_CREATOR, SUB_ITEM_CREATED, SUB_ITEM_MODIFIER, SUB_ITEM_MODIFIED, SUB_ITEM_VERSION)
values ('1224', 'DAYRPT_RUN_STATUE', '未处理', '0', 0, null, 0, 'admin', sysdate, 'admin', sysdate, 0);
insert into JEDA_SUB_ITEM (SUB_ITEM_ID, ITEM_ID, SUB_ITEM_NAME, SUB_ITEM_VALUE, SUB_ITEM_CASCADE, SUB_ITEM_DESCRIPTION, SUB_ITEM_ORDER, SUB_ITEM_CREATOR, SUB_ITEM_CREATED, SUB_ITEM_MODIFIER, SUB_ITEM_MODIFIED, SUB_ITEM_VERSION)
values ('1225', 'DAYRPT_RUN_STATUE', '正常', '1', 0, null, 1, 'admin', sysdate, 'admin', sysdate, 0);
insert into JEDA_SUB_ITEM (SUB_ITEM_ID, ITEM_ID, SUB_ITEM_NAME, SUB_ITEM_VALUE, SUB_ITEM_CASCADE, SUB_ITEM_DESCRIPTION, SUB_ITEM_ORDER, SUB_ITEM_CREATOR, SUB_ITEM_CREATED, SUB_ITEM_MODIFIER, SUB_ITEM_MODIFIED, SUB_ITEM_VERSION)
values ('1226', 'DAYRPT_RUN_STATUE', '异常', '2', 0, null, 2, 'admin', sysdate, 'admin', sysdate, 0);

insert into JEDA_SUB_ITEM (SUB_ITEM_ID, ITEM_ID, SUB_ITEM_NAME, SUB_ITEM_VALUE, SUB_ITEM_CASCADE, SUB_ITEM_DESCRIPTION, SUB_ITEM_ORDER, SUB_ITEM_CREATOR, SUB_ITEM_CREATED, SUB_ITEM_MODIFIER, SUB_ITEM_MODIFIED, SUB_ITEM_VERSION)
values ('1227', 'DATA_TYPE', '手工维护', 'H', 0, null, 1, 'admin', sysdate, 'admin', sysdate, 0);
insert into JEDA_SUB_ITEM (SUB_ITEM_ID, ITEM_ID, SUB_ITEM_NAME, SUB_ITEM_VALUE, SUB_ITEM_CASCADE, SUB_ITEM_DESCRIPTION, SUB_ITEM_ORDER, SUB_ITEM_CREATOR, SUB_ITEM_CREATED, SUB_ITEM_MODIFIER, SUB_ITEM_MODIFIED, SUB_ITEM_VERSION)
values ('1228', 'DATA_TYPE', '自动同步', 'A', 0, null, 0, 'admin', sysdate, 'admin', sysdate, 0);

insert into JEDA_SUB_ITEM (SUB_ITEM_ID, ITEM_ID, SUB_ITEM_NAME, SUB_ITEM_VALUE, SUB_ITEM_CASCADE, SUB_ITEM_DESCRIPTION, SUB_ITEM_ORDER, SUB_ITEM_CREATOR, SUB_ITEM_CREATED, SUB_ITEM_MODIFIER, SUB_ITEM_MODIFIED, SUB_ITEM_VERSION)
values ('1081', 'MOVE_STATUS', '进行中', '进行中', 0, null, 1, 'admin', sysdate, 'admin', sysdate, 0);
insert into JEDA_SUB_ITEM (SUB_ITEM_ID, ITEM_ID, SUB_ITEM_NAME, SUB_ITEM_VALUE, SUB_ITEM_CASCADE, SUB_ITEM_DESCRIPTION, SUB_ITEM_ORDER, SUB_ITEM_CREATOR, SUB_ITEM_CREATED, SUB_ITEM_MODIFIER, SUB_ITEM_MODIFIED, SUB_ITEM_VERSION)
values ('1082', 'MOVE_STATUS', '完成', '完成', 0, null, 2, 'admin', sysdate, 'admin', sysdate, 0);
insert into JEDA_SUB_ITEM (SUB_ITEM_ID, ITEM_ID, SUB_ITEM_NAME, SUB_ITEM_VALUE, SUB_ITEM_CASCADE, SUB_ITEM_DESCRIPTION, SUB_ITEM_ORDER, SUB_ITEM_CREATOR, SUB_ITEM_CREATED, SUB_ITEM_MODIFIER, SUB_ITEM_MODIFIED, SUB_ITEM_VERSION)
values ('1229', 'MOVE_STATUS', '等待', '等待', 0, null, 3, 'admin', sysdate, 'admin', sysdate, 0);
insert into JEDA_SUB_ITEM (SUB_ITEM_ID, ITEM_ID, SUB_ITEM_NAME, SUB_ITEM_VALUE, SUB_ITEM_CASCADE, SUB_ITEM_DESCRIPTION, SUB_ITEM_ORDER, SUB_ITEM_CREATOR, SUB_ITEM_CREATED, SUB_ITEM_MODIFIER, SUB_ITEM_MODIFIED, SUB_ITEM_VERSION)
values ('1230', 'MOVE_STATUS', '失败', '失败', 0, null, 4, 'admin', sysdate, 'admin', sysdate, 0);

insert into JEDA_SUB_ITEM (SUB_ITEM_ID, ITEM_ID, SUB_ITEM_NAME, SUB_ITEM_VALUE, SUB_ITEM_CASCADE, SUB_ITEM_DESCRIPTION, SUB_ITEM_ORDER, SUB_ITEM_CREATOR, SUB_ITEM_CREATED, SUB_ITEM_MODIFIER, SUB_ITEM_MODIFIED, SUB_ITEM_VERSION)
values ('1200', 'PARAM_TYPE', '密码', '6', 0, null, 6, 'admin', sysdate, 'admin', sysdate, 0);
insert into JEDA_SUB_ITEM (SUB_ITEM_ID, ITEM_ID, SUB_ITEM_NAME, SUB_ITEM_VALUE, SUB_ITEM_CASCADE, SUB_ITEM_DESCRIPTION, SUB_ITEM_ORDER, SUB_ITEM_CREATOR, SUB_ITEM_CREATED, SUB_ITEM_MODIFIER, SUB_ITEM_MODIFIED, SUB_ITEM_VERSION)
values ('1199', 'FIELD_TYPE_DIRECTION', '专业领域', '专业领域', 0, null, 4, 'admin', sysdate, 'admin', sysdate, 0);
insert into JEDA_SUB_ITEM (SUB_ITEM_ID, ITEM_ID, SUB_ITEM_NAME, SUB_ITEM_VALUE, SUB_ITEM_CASCADE, SUB_ITEM_DESCRIPTION, SUB_ITEM_ORDER, SUB_ITEM_CREATOR, SUB_ITEM_CREATED, SUB_ITEM_MODIFIER, SUB_ITEM_MODIFIED, SUB_ITEM_VERSION)
values ('1198', 'TOOL_CHARSET', 'GB2312', '4', 0, null, 4, 'admin', sysdate, 'admin', sysdate, 0);
insert into jeda_sub_item (SUB_ITEM_ID, ITEM_ID, SUB_ITEM_NAME, SUB_ITEM_VALUE, SUB_ITEM_CASCADE, SUB_ITEM_DESCRIPTION, SUB_ITEM_ORDER, SUB_ITEM_CREATOR, SUB_ITEM_CREATED, SUB_ITEM_MODIFIER, SUB_ITEM_MODIFIED, SUB_ITEM_VERSION)
values ('1197', 'SING_USER_IMP_MUL_SYS_SWITCH', '打开', '1', '0',null, '1', 'admin', sysdate, 'admin', sysdate, '0');
insert into jeda_sub_item (SUB_ITEM_ID, ITEM_ID, SUB_ITEM_NAME, SUB_ITEM_VALUE, SUB_ITEM_CASCADE, SUB_ITEM_DESCRIPTION, SUB_ITEM_ORDER, SUB_ITEM_CREATOR, SUB_ITEM_CREATED, SUB_ITEM_MODIFIER, SUB_ITEM_MODIFIED, SUB_ITEM_VERSION)
values ('1196', 'ACTIVE_BATCH_HOST', '当前激活主机', '10.200.36.221', '0',null, '1', 'admin', sysdate, 'admin', sysdate, '0');
insert into JEDA_SUB_ITEM (SUB_ITEM_ID, ITEM_ID, SUB_ITEM_NAME, SUB_ITEM_VALUE, SUB_ITEM_CASCADE, SUB_ITEM_DESCRIPTION, SUB_ITEM_ORDER, SUB_ITEM_CREATOR, SUB_ITEM_CREATED, SUB_ITEM_MODIFIER, SUB_ITEM_MODIFIED, SUB_ITEM_VERSION)
values ('1195', 'REQUEST_MAX_DAY', '可导出请求的最大天数', '30', 0, null, 0, 'admin', to_timestamp('19-03-2014 00:00:00.000000', 'dd-mm-yyyy hh24:mi:ss.ff'), 'admin', to_timestamp('19-03-2014 00:00:00.000000', 'dd-mm-yyyy hh24:mi:ss.ff'), 0);
insert into JEDA_SUB_ITEM (SUB_ITEM_ID, ITEM_ID, SUB_ITEM_NAME, SUB_ITEM_VALUE, SUB_ITEM_CASCADE, SUB_ITEM_DESCRIPTION, SUB_ITEM_ORDER, SUB_ITEM_CREATOR, SUB_ITEM_CREATED, SUB_ITEM_MODIFIER, SUB_ITEM_MODIFIED, SUB_ITEM_VERSION)
values ('1086', 'OPERATE_TYPE', '导入', '导入', 0, null, 0, 'admin', to_timestamp('28-12-2013 00:00:00.000000', 'dd-mm-yyyy hh24:mi:ss.ff'), 'admin', to_timestamp('28-12-2013 00:00:00.000000', 'dd-mm-yyyy hh24:mi:ss.ff'), 0);
insert into JEDA_SUB_ITEM (SUB_ITEM_ID, ITEM_ID, SUB_ITEM_NAME, SUB_ITEM_VALUE, SUB_ITEM_CASCADE, SUB_ITEM_DESCRIPTION, SUB_ITEM_ORDER, SUB_ITEM_CREATOR, SUB_ITEM_CREATED, SUB_ITEM_MODIFIER, SUB_ITEM_MODIFIED, SUB_ITEM_VERSION)
values ('1087', 'OPERATE_TYPE', '导出', '导出', 0, null, 1, 'admin', to_timestamp('28-12-2013 00:00:00.000000', 'dd-mm-yyyy hh24:mi:ss.ff'), 'admin', to_timestamp('28-12-2013 00:00:00.000000', 'dd-mm-yyyy hh24:mi:ss.ff'), 0);
insert into JEDA_SUB_ITEM (SUB_ITEM_ID, ITEM_ID, SUB_ITEM_NAME, SUB_ITEM_VALUE, SUB_ITEM_CASCADE, SUB_ITEM_DESCRIPTION, SUB_ITEM_ORDER, SUB_ITEM_CREATOR, SUB_ITEM_CREATED, SUB_ITEM_MODIFIER, SUB_ITEM_MODIFIED, SUB_ITEM_VERSION)
values ('1088', 'OPERATE_SOURCE', '发布请求资源', '发布请求资源', 0, null, 0, 'admin', to_timestamp('28-12-2013 00:00:00.000000', 'dd-mm-yyyy hh24:mi:ss.ff'), 'admin', to_timestamp('28-12-2013 00:00:00.000000', 'dd-mm-yyyy hh24:mi:ss.ff'), 0);
insert into JEDA_SUB_ITEM (SUB_ITEM_ID, ITEM_ID, SUB_ITEM_NAME, SUB_ITEM_VALUE, SUB_ITEM_CASCADE, SUB_ITEM_DESCRIPTION, SUB_ITEM_ORDER, SUB_ITEM_CREATOR, SUB_ITEM_CREATED, SUB_ITEM_MODIFIER, SUB_ITEM_MODIFIED, SUB_ITEM_VERSION)
values ('1089', 'OPERATE_SOURCE', '发布作业资源', '发布作业资源', 0, null, 1, 'admin', to_timestamp('28-12-2013 00:00:00.000000', 'dd-mm-yyyy hh24:mi:ss.ff'), 'admin', to_timestamp('28-12-2013 00:00:00.000000', 'dd-mm-yyyy hh24:mi:ss.ff'), 0);
insert into JEDA_SUB_ITEM (SUB_ITEM_ID, ITEM_ID, SUB_ITEM_NAME, SUB_ITEM_VALUE, SUB_ITEM_CASCADE, SUB_ITEM_DESCRIPTION, SUB_ITEM_ORDER, SUB_ITEM_CREATOR, SUB_ITEM_CREATED, SUB_ITEM_MODIFIER, SUB_ITEM_MODIFIED, SUB_ITEM_VERSION)
values ('1090', 'OPERATE_SOURCE', '发布请求资源和发布作业资源', '发布请求资源和发布作业资源', 0, null, 2, 'admin', to_timestamp('28-12-2013 00:00:00.000000', 'dd-mm-yyyy hh24:mi:ss.ff'), 'admin', to_timestamp('28-12-2013 00:00:00.000000', 'dd-mm-yyyy hh24:mi:ss.ff'), 0);
insert into JEDA_SUB_ITEM (SUB_ITEM_ID, ITEM_ID, SUB_ITEM_NAME, SUB_ITEM_VALUE, SUB_ITEM_CASCADE, SUB_ITEM_DESCRIPTION, SUB_ITEM_ORDER, SUB_ITEM_CREATOR, SUB_ITEM_CREATED, SUB_ITEM_MODIFIER, SUB_ITEM_MODIFIED, SUB_ITEM_VERSION)
values ('1159', 'JOB_TYPE', 'NshJob', '1', 0, null, 1, 'admin', to_timestamp('19-02-2014 00:00:00.000000', 'dd-mm-yyyy hh24:mi:ss.ff'), 'admin', to_timestamp('19-02-2014 00:00:00.000000', 'dd-mm-yyyy hh24:mi:ss.ff'), 0);
insert into JEDA_SUB_ITEM (SUB_ITEM_ID, ITEM_ID, SUB_ITEM_NAME, SUB_ITEM_VALUE, SUB_ITEM_CASCADE, SUB_ITEM_DESCRIPTION, SUB_ITEM_ORDER, SUB_ITEM_CREATOR, SUB_ITEM_CREATED, SUB_ITEM_MODIFIER, SUB_ITEM_MODIFIED, SUB_ITEM_VERSION)
values ('1160', 'JOB_TYPE', 'DeployJob', '2', 0, null, 2, 'admin', to_timestamp('19-02-2014 00:00:00.000000', 'dd-mm-yyyy hh24:mi:ss.ff'), 'admin', to_timestamp('19-02-2014 00:00:00.000000', 'dd-mm-yyyy hh24:mi:ss.ff'), 0);
insert into JEDA_SUB_ITEM (SUB_ITEM_ID, ITEM_ID, SUB_ITEM_NAME, SUB_ITEM_VALUE, SUB_ITEM_CASCADE, SUB_ITEM_DESCRIPTION, SUB_ITEM_ORDER, SUB_ITEM_CREATOR, SUB_ITEM_CREATED, SUB_ITEM_MODIFIER, SUB_ITEM_MODIFIED, SUB_ITEM_VERSION)
values ('1028', 'INCONSISTENT_HANDLE_STATUS', '未处理', '1', 0, null, 1, 'admin', to_timestamp('20-02-2014 00:00:00.000000', 'dd-mm-yyyy hh24:mi:ss.ff'), 'admin', to_timestamp('20-02-2014 00:00:00.000000', 'dd-mm-yyyy hh24:mi:ss.ff'), 0);
insert into JEDA_SUB_ITEM (SUB_ITEM_ID, ITEM_ID, SUB_ITEM_NAME, SUB_ITEM_VALUE, SUB_ITEM_CASCADE, SUB_ITEM_DESCRIPTION, SUB_ITEM_ORDER, SUB_ITEM_CREATOR, SUB_ITEM_CREATED, SUB_ITEM_MODIFIER, SUB_ITEM_MODIFIED, SUB_ITEM_VERSION)
values ('1029', 'INCONSISTENT_HANDLE_STATUS', '已解决', '2', 0, null, 2, 'admin', to_timestamp('20-02-2014 00:00:00.000000', 'dd-mm-yyyy hh24:mi:ss.ff'), 'admin', to_timestamp('25-02-2014 00:00:00.000000', 'dd-mm-yyyy hh24:mi:ss.ff'), 0);
insert into JEDA_SUB_ITEM (SUB_ITEM_ID, ITEM_ID, SUB_ITEM_NAME, SUB_ITEM_VALUE, SUB_ITEM_CASCADE, SUB_ITEM_DESCRIPTION, SUB_ITEM_ORDER, SUB_ITEM_CREATOR, SUB_ITEM_CREATED, SUB_ITEM_MODIFIER, SUB_ITEM_MODIFIED, SUB_ITEM_VERSION)
values ('1030', 'INCONSISTENT_HANDLE_STATUS', '处理中', '3', 0, null, 3, 'admin', to_timestamp('20-02-2014 00:00:00.000000', 'dd-mm-yyyy hh24:mi:ss.ff'), 'admin', to_timestamp('25-02-2014 00:00:00.000000', 'dd-mm-yyyy hh24:mi:ss.ff'), 0);
insert into JEDA_SUB_ITEM (SUB_ITEM_ID, ITEM_ID, SUB_ITEM_NAME, SUB_ITEM_VALUE, SUB_ITEM_CASCADE, SUB_ITEM_DESCRIPTION, SUB_ITEM_ORDER, SUB_ITEM_CREATOR, SUB_ITEM_CREATED, SUB_ITEM_MODIFIER, SUB_ITEM_MODIFIED, SUB_ITEM_VERSION)
values ('1161', 'CHECK_STATUS', '异常', '5', 0, null, 5, 'admin', to_timestamp('20-02-2014 00:00:00.000000', 'dd-mm-yyyy hh24:mi:ss.ff'), 'admin', to_timestamp('20-02-2014 00:00:00.000000', 'dd-mm-yyyy hh24:mi:ss.ff'), 0);
insert into JEDA_SUB_ITEM (SUB_ITEM_ID, ITEM_ID, SUB_ITEM_NAME, SUB_ITEM_VALUE, SUB_ITEM_CASCADE, SUB_ITEM_DESCRIPTION, SUB_ITEM_ORDER, SUB_ITEM_CREATOR, SUB_ITEM_CREATED, SUB_ITEM_MODIFIER, SUB_ITEM_MODIFIED, SUB_ITEM_VERSION)
values ('1162', 'CHECK_STATUS', '正常', '4', 0, null, 4, 'admin', to_timestamp('20-02-2014 00:00:00.000000', 'dd-mm-yyyy hh24:mi:ss.ff'), 'admin', to_timestamp('20-02-2014 00:00:00.000000', 'dd-mm-yyyy hh24:mi:ss.ff'), 0);
insert into JEDA_SUB_ITEM (SUB_ITEM_ID, ITEM_ID, SUB_ITEM_NAME, SUB_ITEM_VALUE, SUB_ITEM_CASCADE, SUB_ITEM_DESCRIPTION, SUB_ITEM_ORDER, SUB_ITEM_CREATOR, SUB_ITEM_CREATED, SUB_ITEM_MODIFIER, SUB_ITEM_MODIFIED, SUB_ITEM_VERSION)
values ('1163', 'CHECK_STATUS', '处理中', '3', 0, null, 3, 'admin', to_timestamp('20-02-2014 00:00:00.000000', 'dd-mm-yyyy hh24:mi:ss.ff'), 'admin', to_timestamp('28-02-2014 00:00:00.000000', 'dd-mm-yyyy hh24:mi:ss.ff'), 0);
insert into JEDA_SUB_ITEM (SUB_ITEM_ID, ITEM_ID, SUB_ITEM_NAME, SUB_ITEM_VALUE, SUB_ITEM_CASCADE, SUB_ITEM_DESCRIPTION, SUB_ITEM_ORDER, SUB_ITEM_CREATOR, SUB_ITEM_CREATED, SUB_ITEM_MODIFIER, SUB_ITEM_MODIFIED, SUB_ITEM_VERSION)
values ('1164', 'CHECK_STATUS', '已解决', '2', 0, null, 2, 'admin', to_timestamp('20-02-2014 00:00:00.000000', 'dd-mm-yyyy hh24:mi:ss.ff'), 'admin', to_timestamp('28-02-2014 00:00:00.000000', 'dd-mm-yyyy hh24:mi:ss.ff'), 0);
insert into JEDA_SUB_ITEM (SUB_ITEM_ID, ITEM_ID, SUB_ITEM_NAME, SUB_ITEM_VALUE, SUB_ITEM_CASCADE, SUB_ITEM_DESCRIPTION, SUB_ITEM_ORDER, SUB_ITEM_CREATOR, SUB_ITEM_CREATED, SUB_ITEM_MODIFIER, SUB_ITEM_MODIFIED, SUB_ITEM_VERSION)
values ('1165', 'CHECK_STATUS', '未处理', '1', 0, null, 1, 'admin', to_timestamp('20-02-2014 00:00:00.000000', 'dd-mm-yyyy hh24:mi:ss.ff'), 'admin', to_timestamp('20-02-2014 00:00:00.000000', 'dd-mm-yyyy hh24:mi:ss.ff'), 0);
insert into JEDA_SUB_ITEM (SUB_ITEM_ID, ITEM_ID, SUB_ITEM_NAME, SUB_ITEM_VALUE, SUB_ITEM_CASCADE, SUB_ITEM_DESCRIPTION, SUB_ITEM_ORDER, SUB_ITEM_CREATOR, SUB_ITEM_CREATED, SUB_ITEM_MODIFIER, SUB_ITEM_MODIFIED, SUB_ITEM_VERSION)
values ('1032', 'CHECK_FLOAT_TIME', '通用浮动时间（分钟）', '30', 0, null, 0, 'admin', to_timestamp('20-02-2014 00:00:00.000000', 'dd-mm-yyyy hh24:mi:ss.ff'), 'admin', to_timestamp('26-02-2014 00:00:00.000000', 'dd-mm-yyyy hh24:mi:ss.ff'), 0);
insert into JEDA_SUB_ITEM (SUB_ITEM_ID, ITEM_ID, SUB_ITEM_NAME, SUB_ITEM_VALUE, SUB_ITEM_CASCADE, SUB_ITEM_DESCRIPTION, SUB_ITEM_ORDER, SUB_ITEM_CREATOR, SUB_ITEM_CREATED, SUB_ITEM_MODIFIER, SUB_ITEM_MODIFIED, SUB_ITEM_VERSION)
values ('1117', 'HANDLE_STATUS', '未处理', '1', 0, null, 1, 'admin', to_timestamp('21-02-2014 00:00:00.000000', 'dd-mm-yyyy hh24:mi:ss.ff'), 'admin', to_timestamp('21-02-2014 00:00:00.000000', 'dd-mm-yyyy hh24:mi:ss.ff'), 0);
insert into JEDA_SUB_ITEM (SUB_ITEM_ID, ITEM_ID, SUB_ITEM_NAME, SUB_ITEM_VALUE, SUB_ITEM_CASCADE, SUB_ITEM_DESCRIPTION, SUB_ITEM_ORDER, SUB_ITEM_CREATOR, SUB_ITEM_CREATED, SUB_ITEM_MODIFIER, SUB_ITEM_MODIFIED, SUB_ITEM_VERSION)
values ('1118', 'HANDLE_STATUS', '已处理', '2', 0, null, 2, 'admin', to_timestamp('21-02-2014 00:00:00.000000', 'dd-mm-yyyy hh24:mi:ss.ff'), 'admin', to_timestamp('21-02-2014 00:00:00.000000', 'dd-mm-yyyy hh24:mi:ss.ff'), 0);
insert into JEDA_SUB_ITEM (SUB_ITEM_ID, ITEM_ID, SUB_ITEM_NAME, SUB_ITEM_VALUE, SUB_ITEM_CASCADE, SUB_ITEM_DESCRIPTION, SUB_ITEM_ORDER, SUB_ITEM_CREATOR, SUB_ITEM_CREATED, SUB_ITEM_MODIFIER, SUB_ITEM_MODIFIED, SUB_ITEM_VERSION)
values ('1119', 'HANDLE_STATUS', '已忽略', '3', 0, null, 3, 'admin', to_timestamp('21-02-2014 00:00:00.000000', 'dd-mm-yyyy hh24:mi:ss.ff'), 'admin', to_timestamp('21-02-2014 00:00:00.000000', 'dd-mm-yyyy hh24:mi:ss.ff'), 0);
insert into JEDA_SUB_ITEM (SUB_ITEM_ID, ITEM_ID, SUB_ITEM_NAME, SUB_ITEM_VALUE, SUB_ITEM_CASCADE, SUB_ITEM_DESCRIPTION, SUB_ITEM_ORDER, SUB_ITEM_CREATOR, SUB_ITEM_CREATED, SUB_ITEM_MODIFIER, SUB_ITEM_MODIFIED, SUB_ITEM_VERSION)
values ('1079', 'REFRESHTIME', '30000', '1', 0, null, 1, 'admin', to_timestamp('25-02-2014 00:00:00.000000', 'dd-mm-yyyy hh24:mi:ss.ff'), 'admin', to_timestamp('12-03-2014 00:00:00.000000', 'dd-mm-yyyy hh24:mi:ss.ff'), 0);
insert into JEDA_SUB_ITEM (SUB_ITEM_ID, ITEM_ID, SUB_ITEM_NAME, SUB_ITEM_VALUE, SUB_ITEM_CASCADE, SUB_ITEM_DESCRIPTION, SUB_ITEM_ORDER, SUB_ITEM_CREATOR, SUB_ITEM_CREATED, SUB_ITEM_MODIFIER, SUB_ITEM_MODIFIED, SUB_ITEM_VERSION)
values ('1031', 'INCONSISTENT_HANDLE_STATUS', '正常', '4', 0, null, 4, 'admin', to_timestamp('25-02-2014 00:00:00.000000', 'dd-mm-yyyy hh24:mi:ss.ff'), 'admin', to_timestamp('25-02-2014 00:00:00.000000', 'dd-mm-yyyy hh24:mi:ss.ff'), 0);
insert into JEDA_SUB_ITEM (SUB_ITEM_ID, ITEM_ID, SUB_ITEM_NAME, SUB_ITEM_VALUE, SUB_ITEM_CASCADE, SUB_ITEM_DESCRIPTION, SUB_ITEM_ORDER, SUB_ITEM_CREATOR, SUB_ITEM_CREATED, SUB_ITEM_MODIFIER, SUB_ITEM_MODIFIED, SUB_ITEM_VERSION)
values ('1148', 'OR_AND', '0', '0', 0, null, 0, 'admin', to_timestamp('25-02-2014 00:00:00.000000', 'dd-mm-yyyy hh24:mi:ss.ff'), 'admin', to_timestamp('25-02-2014 00:00:00.000000', 'dd-mm-yyyy hh24:mi:ss.ff'), 0);
insert into JEDA_SUB_ITEM (SUB_ITEM_ID, ITEM_ID, SUB_ITEM_NAME, SUB_ITEM_VALUE, SUB_ITEM_CASCADE, SUB_ITEM_DESCRIPTION, SUB_ITEM_ORDER, SUB_ITEM_CREATOR, SUB_ITEM_CREATED, SUB_ITEM_MODIFIER, SUB_ITEM_MODIFIED, SUB_ITEM_VERSION)
values ('1149', 'CHECK_COMMONLY_METHOD', '常用方法一', 'method1', 0, null, 1, 'admin', to_timestamp('26-02-2014 00:00:00.000000', 'dd-mm-yyyy hh24:mi:ss.ff'), 'admin', to_timestamp('26-02-2014 00:00:00.000000', 'dd-mm-yyyy hh24:mi:ss.ff'), 0);
insert into JEDA_SUB_ITEM (SUB_ITEM_ID, ITEM_ID, SUB_ITEM_NAME, SUB_ITEM_VALUE, SUB_ITEM_CASCADE, SUB_ITEM_DESCRIPTION, SUB_ITEM_ORDER, SUB_ITEM_CREATOR, SUB_ITEM_CREATED, SUB_ITEM_MODIFIER, SUB_ITEM_MODIFIED, SUB_ITEM_VERSION)
values ('1150', 'CHECK_COMMONLY_METHOD', '常用方法二', 'method2', 0, null, 2, 'admin', to_timestamp('26-02-2014 00:00:00.000000', 'dd-mm-yyyy hh24:mi:ss.ff'), 'admin', to_timestamp('26-02-2014 00:00:00.000000', 'dd-mm-yyyy hh24:mi:ss.ff'), 0);
insert into JEDA_SUB_ITEM (SUB_ITEM_ID, ITEM_ID, SUB_ITEM_NAME, SUB_ITEM_VALUE, SUB_ITEM_CASCADE, SUB_ITEM_DESCRIPTION, SUB_ITEM_ORDER, SUB_ITEM_CREATOR, SUB_ITEM_CREATED, SUB_ITEM_MODIFIER, SUB_ITEM_MODIFIED, SUB_ITEM_VERSION)
values ('1151', 'CHECK_COMMONLY_METHOD', '常用方法三', 'method3', 0, null, 3, 'admin', to_timestamp('26-02-2014 00:00:00.000000', 'dd-mm-yyyy hh24:mi:ss.ff'), 'admin', to_timestamp('26-02-2014 00:00:00.000000', 'dd-mm-yyyy hh24:mi:ss.ff'), 0);
insert into JEDA_SUB_ITEM (SUB_ITEM_ID, ITEM_ID, SUB_ITEM_NAME, SUB_ITEM_VALUE, SUB_ITEM_CASCADE, SUB_ITEM_DESCRIPTION, SUB_ITEM_ORDER, SUB_ITEM_CREATOR, SUB_ITEM_CREATED, SUB_ITEM_MODIFIER, SUB_ITEM_MODIFIED, SUB_ITEM_VERSION)
values ('1091', 'AUTHORIZE_LEVEL', '仅二线可用', '1', 0, null, 0, 'admin', to_timestamp('22-11-2013 00:00:00.000000', 'dd-mm-yyyy hh24:mi:ss.ff'), 'admin', to_timestamp('10-12-2013 00:00:00.000000', 'dd-mm-yyyy hh24:mi:ss.ff'), 0);
insert into JEDA_SUB_ITEM (SUB_ITEM_ID, ITEM_ID, SUB_ITEM_NAME, SUB_ITEM_VALUE, SUB_ITEM_CASCADE, SUB_ITEM_DESCRIPTION, SUB_ITEM_ORDER, SUB_ITEM_CREATOR, SUB_ITEM_CREATED, SUB_ITEM_MODIFIER, SUB_ITEM_MODIFIED, SUB_ITEM_VERSION)
values ('1092', 'AUTHORIZE_LEVEL', '一线需要授权使用', '2', 0, null, 0, 'admin', to_timestamp('22-11-2013 00:00:00.000000', 'dd-mm-yyyy hh24:mi:ss.ff'), 'admin', to_timestamp('10-12-2013 00:00:00.000000', 'dd-mm-yyyy hh24:mi:ss.ff'), 0);
insert into JEDA_SUB_ITEM (SUB_ITEM_ID, ITEM_ID, SUB_ITEM_NAME, SUB_ITEM_VALUE, SUB_ITEM_CASCADE, SUB_ITEM_DESCRIPTION, SUB_ITEM_ORDER, SUB_ITEM_CREATOR, SUB_ITEM_CREATED, SUB_ITEM_MODIFIER, SUB_ITEM_MODIFIED, SUB_ITEM_VERSION)
values ('1093', 'AUTHORIZE_LEVEL', '一线不需要授权即可使用', '3', 0, null, 0, 'admin', to_timestamp('22-11-2013 00:00:00.000000', 'dd-mm-yyyy hh24:mi:ss.ff'), 'admin', to_timestamp('12-02-2014 00:00:00.000000', 'dd-mm-yyyy hh24:mi:ss.ff'), 0);
insert into JEDA_SUB_ITEM (SUB_ITEM_ID, ITEM_ID, SUB_ITEM_NAME, SUB_ITEM_VALUE, SUB_ITEM_CASCADE, SUB_ITEM_DESCRIPTION, SUB_ITEM_ORDER, SUB_ITEM_CREATOR, SUB_ITEM_CREATED, SUB_ITEM_MODIFIER, SUB_ITEM_MODIFIED, SUB_ITEM_VERSION)
values ('1083', 'TOOL_CHARSET', 'UTF-8', '1', 0, null, 1, 'admin', to_timestamp('20-12-2013 00:00:00.000000', 'dd-mm-yyyy hh24:mi:ss.ff'), 'admin', to_timestamp('20-12-2013 00:00:00.000000', 'dd-mm-yyyy hh24:mi:ss.ff'), 0);
insert into JEDA_SUB_ITEM (SUB_ITEM_ID, ITEM_ID, SUB_ITEM_NAME, SUB_ITEM_VALUE, SUB_ITEM_CASCADE, SUB_ITEM_DESCRIPTION, SUB_ITEM_ORDER, SUB_ITEM_CREATOR, SUB_ITEM_CREATED, SUB_ITEM_MODIFIER, SUB_ITEM_MODIFIED, SUB_ITEM_VERSION)
values ('1084', 'TOOL_CHARSET', 'GBK', '2', 0, null, 2, 'admin', to_timestamp('20-12-2013 00:00:00.000000', 'dd-mm-yyyy hh24:mi:ss.ff'), 'admin', to_timestamp('20-12-2013 00:00:00.000000', 'dd-mm-yyyy hh24:mi:ss.ff'), 0);
insert into JEDA_SUB_ITEM (SUB_ITEM_ID, ITEM_ID, SUB_ITEM_NAME, SUB_ITEM_VALUE, SUB_ITEM_CASCADE, SUB_ITEM_DESCRIPTION, SUB_ITEM_ORDER, SUB_ITEM_CREATOR, SUB_ITEM_CREATED, SUB_ITEM_MODIFIER, SUB_ITEM_MODIFIED, SUB_ITEM_VERSION)
values ('1166', 'NUM', '5', '1', 0, null, 0, 'admin', to_timestamp('12-12-2013 00:00:00.000000', 'dd-mm-yyyy hh24:mi:ss.ff'), 'admin', to_timestamp('12-12-2013 00:00:00.000000', 'dd-mm-yyyy hh24:mi:ss.ff'), 0);
insert into JEDA_SUB_ITEM (SUB_ITEM_ID, ITEM_ID, SUB_ITEM_NAME, SUB_ITEM_VALUE, SUB_ITEM_CASCADE, SUB_ITEM_DESCRIPTION, SUB_ITEM_ORDER, SUB_ITEM_CREATOR, SUB_ITEM_CREATED, SUB_ITEM_MODIFIER, SUB_ITEM_MODIFIED, SUB_ITEM_VERSION)
values ('1152', 'CHECK_EXTENDED_OBJECT', 'PUB_Syslog', 'syslog_check.log', 0, null, 1, 'admin', to_timestamp('28-02-2014 00:00:00.000000', 'dd-mm-yyyy hh24:mi:ss.ff'), 'admin', to_timestamp('28-02-2014 00:00:00.000000', 'dd-mm-yyyy hh24:mi:ss.ff'), 0);
insert into JEDA_SUB_ITEM (SUB_ITEM_ID, ITEM_ID, SUB_ITEM_NAME, SUB_ITEM_VALUE, SUB_ITEM_CASCADE, SUB_ITEM_DESCRIPTION, SUB_ITEM_ORDER, SUB_ITEM_CREATOR, SUB_ITEM_CREATED, SUB_ITEM_MODIFIER, SUB_ITEM_MODIFIED, SUB_ITEM_VERSION)
values ('1153', 'CHECK_EXTENDED_OBJECT', 'PUB_HardwareStatus', 'hardware_check.log', 0, null, 2, 'admin', to_timestamp('28-02-2014 00:00:00.000000', 'dd-mm-yyyy hh24:mi:ss.ff'), 'admin', to_timestamp('28-02-2014 00:00:00.000000', 'dd-mm-yyyy hh24:mi:ss.ff'), 0);
insert into JEDA_SUB_ITEM (SUB_ITEM_ID, ITEM_ID, SUB_ITEM_NAME, SUB_ITEM_VALUE, SUB_ITEM_CASCADE, SUB_ITEM_DESCRIPTION, SUB_ITEM_ORDER, SUB_ITEM_CREATOR, SUB_ITEM_CREATED, SUB_ITEM_MODIFIER, SUB_ITEM_MODIFIED, SUB_ITEM_VERSION)
values ('1154', 'CHECK_EXTENDED_OBJECT', 'PUB_FilesystemUse', 'filesystem_check.log', 0, null, 3, 'admin', to_timestamp('28-02-2014 00:00:00.000000', 'dd-mm-yyyy hh24:mi:ss.ff'), 'admin', to_timestamp('28-02-2014 00:00:00.000000', 'dd-mm-yyyy hh24:mi:ss.ff'), 0);
insert into JEDA_SUB_ITEM (SUB_ITEM_ID, ITEM_ID, SUB_ITEM_NAME, SUB_ITEM_VALUE, SUB_ITEM_CASCADE, SUB_ITEM_DESCRIPTION, SUB_ITEM_ORDER, SUB_ITEM_CREATOR, SUB_ITEM_CREATED, SUB_ITEM_MODIFIER, SUB_ITEM_MODIFIED, SUB_ITEM_VERSION)
values ('1155', 'CHECK_EXTENDED_OBJECT', 'PUB_Swap', 'swap_check.log', 0, null, 4, 'admin', to_timestamp('28-02-2014 00:00:00.000000', 'dd-mm-yyyy hh24:mi:ss.ff'), 'admin', to_timestamp('28-02-2014 00:00:00.000000', 'dd-mm-yyyy hh24:mi:ss.ff'), 0);
insert into JEDA_SUB_ITEM (SUB_ITEM_ID, ITEM_ID, SUB_ITEM_NAME, SUB_ITEM_VALUE, SUB_ITEM_CASCADE, SUB_ITEM_DESCRIPTION, SUB_ITEM_ORDER, SUB_ITEM_CREATOR, SUB_ITEM_CREATED, SUB_ITEM_MODIFIER, SUB_ITEM_MODIFIED, SUB_ITEM_VERSION)
values ('1156', 'CHECK_EXTENDED_OBJECT', 'PUB_OVOCheck', 'ovo_status.log', 0, null, 5, 'admin', to_timestamp('28-02-2014 00:00:00.000000', 'dd-mm-yyyy hh24:mi:ss.ff'), 'admin', to_timestamp('28-02-2014 00:00:00.000000', 'dd-mm-yyyy hh24:mi:ss.ff'), 0);
insert into JEDA_SUB_ITEM (SUB_ITEM_ID, ITEM_ID, SUB_ITEM_NAME, SUB_ITEM_VALUE, SUB_ITEM_CASCADE, SUB_ITEM_DESCRIPTION, SUB_ITEM_ORDER, SUB_ITEM_CREATOR, SUB_ITEM_CREATED, SUB_ITEM_MODIFIER, SUB_ITEM_MODIFIED, SUB_ITEM_VERSION)
values ('1157', 'CHECK_EXTENDED_OBJECT', 'PUB_LoginFailLog', 'badlogin_check.log', 0, null, 6, 'admin', to_timestamp('28-02-2014 00:00:00.000000', 'dd-mm-yyyy hh24:mi:ss.ff'), 'admin', to_timestamp('28-02-2014 00:00:00.000000', 'dd-mm-yyyy hh24:mi:ss.ff'), 0);
insert into JEDA_SUB_ITEM (SUB_ITEM_ID, ITEM_ID, SUB_ITEM_NAME, SUB_ITEM_VALUE, SUB_ITEM_CASCADE, SUB_ITEM_DESCRIPTION, SUB_ITEM_ORDER, SUB_ITEM_CREATOR, SUB_ITEM_CREATED, SUB_ITEM_MODIFIER, SUB_ITEM_MODIFIED, SUB_ITEM_VERSION)
values ('1158', 'CHECK_EXTENDED_OBJECT', 'PUB_Zombie', 'zombie.log', 0, null, 7, 'admin', to_timestamp('28-02-2014 00:00:00.000000', 'dd-mm-yyyy hh24:mi:ss.ff'), 'admin', to_timestamp('28-02-2014 00:00:00.000000', 'dd-mm-yyyy hh24:mi:ss.ff'), 0);
insert into JEDA_SUB_ITEM (SUB_ITEM_ID, ITEM_ID, SUB_ITEM_NAME, SUB_ITEM_VALUE, SUB_ITEM_CASCADE, SUB_ITEM_DESCRIPTION, SUB_ITEM_ORDER, SUB_ITEM_CREATOR, SUB_ITEM_CREATED, SUB_ITEM_MODIFIER, SUB_ITEM_MODIFIED, SUB_ITEM_VERSION)
values ('1085', 'TOOL_CHARSET', 'gb18030', '3', 0, null, 3, 'admin', to_timestamp('25-12-2013 00:00:00.000000', 'dd-mm-yyyy hh24:mi:ss.ff'), 'admin', to_timestamp('07-01-2014 00:00:00.000000', 'dd-mm-yyyy hh24:mi:ss.ff'), 0);
insert into JEDA_SUB_ITEM (SUB_ITEM_ID, ITEM_ID, SUB_ITEM_NAME, SUB_ITEM_VALUE, SUB_ITEM_CASCADE, SUB_ITEM_DESCRIPTION, SUB_ITEM_ORDER, SUB_ITEM_CREATOR, SUB_ITEM_CREATED, SUB_ITEM_MODIFIER, SUB_ITEM_MODIFIED, SUB_ITEM_VERSION)
values ('1167', 'LOG_RESOURCE_TYPE', '自动化平台', '1', 0, null, 1, 'admin', to_timestamp('05-03-2014 00:00:00.000000', 'dd-mm-yyyy hh24:mi:ss.ff'), 'admin', to_timestamp('05-03-2014 00:00:00.000000', 'dd-mm-yyyy hh24:mi:ss.ff'), 0);
insert into JEDA_SUB_ITEM (SUB_ITEM_ID, ITEM_ID, SUB_ITEM_NAME, SUB_ITEM_VALUE, SUB_ITEM_CASCADE, SUB_ITEM_DESCRIPTION, SUB_ITEM_ORDER, SUB_ITEM_CREATOR, SUB_ITEM_CREATED, SUB_ITEM_MODIFIER, SUB_ITEM_MODIFIED, SUB_ITEM_VERSION)
values ('1168', 'LOG_RESOURCE_TYPE', 'BRPM', '2', 0, null, 2, 'admin', to_timestamp('05-03-2014 00:00:00.000000', 'dd-mm-yyyy hh24:mi:ss.ff'), 'admin', to_timestamp('05-03-2014 00:00:00.000000', 'dd-mm-yyyy hh24:mi:ss.ff'), 0);
insert into JEDA_SUB_ITEM (SUB_ITEM_ID, ITEM_ID, SUB_ITEM_NAME, SUB_ITEM_VALUE, SUB_ITEM_CASCADE, SUB_ITEM_DESCRIPTION, SUB_ITEM_ORDER, SUB_ITEM_CREATOR, SUB_ITEM_CREATED, SUB_ITEM_MODIFIER, SUB_ITEM_MODIFIED, SUB_ITEM_VERSION)
values ('1169', 'LOG_RESOURCE_TYPE', 'BSA', '3', 0, null, 3, 'admin', to_timestamp('05-03-2014 00:00:00.000000', 'dd-mm-yyyy hh24:mi:ss.ff'), 'admin', to_timestamp('05-03-2014 00:00:00.000000', 'dd-mm-yyyy hh24:mi:ss.ff'), 0);
insert into JEDA_SUB_ITEM (SUB_ITEM_ID, ITEM_ID, SUB_ITEM_NAME, SUB_ITEM_VALUE, SUB_ITEM_CASCADE, SUB_ITEM_DESCRIPTION, SUB_ITEM_ORDER, SUB_ITEM_CREATOR, SUB_ITEM_CREATED, SUB_ITEM_MODIFIER, SUB_ITEM_MODIFIED, SUB_ITEM_VERSION)
values ('1170', 'ENVIRONMENT_TYPE', '开发', '1', 0, null, 1, 'admin', to_timestamp('05-03-2014 00:00:00.000000', 'dd-mm-yyyy hh24:mi:ss.ff'), 'admin', to_timestamp('05-03-2014 00:00:00.000000', 'dd-mm-yyyy hh24:mi:ss.ff'), 0);
insert into JEDA_SUB_ITEM (SUB_ITEM_ID, ITEM_ID, SUB_ITEM_NAME, SUB_ITEM_VALUE, SUB_ITEM_CASCADE, SUB_ITEM_DESCRIPTION, SUB_ITEM_ORDER, SUB_ITEM_CREATOR, SUB_ITEM_CREATED, SUB_ITEM_MODIFIER, SUB_ITEM_MODIFIED, SUB_ITEM_VERSION)
values ('1171', 'ENVIRONMENT_TYPE', '测试', '2', 0, null, 2, 'admin', to_timestamp('05-03-2014 00:00:00.000000', 'dd-mm-yyyy hh24:mi:ss.ff'), 'admin', to_timestamp('05-03-2014 00:00:00.000000', 'dd-mm-yyyy hh24:mi:ss.ff'), 0);
insert into JEDA_SUB_ITEM (SUB_ITEM_ID, ITEM_ID, SUB_ITEM_NAME, SUB_ITEM_VALUE, SUB_ITEM_CASCADE, SUB_ITEM_DESCRIPTION, SUB_ITEM_ORDER, SUB_ITEM_CREATOR, SUB_ITEM_CREATED, SUB_ITEM_MODIFIER, SUB_ITEM_MODIFIED, SUB_ITEM_VERSION)
values ('1172', 'ENVIRONMENT_TYPE', '验证', '3', 0, null, 3, 'admin', to_timestamp('05-03-2014 00:00:00.000000', 'dd-mm-yyyy hh24:mi:ss.ff'), 'admin', to_timestamp('05-03-2014 00:00:00.000000', 'dd-mm-yyyy hh24:mi:ss.ff'), 0);
insert into JEDA_SUB_ITEM (SUB_ITEM_ID, ITEM_ID, SUB_ITEM_NAME, SUB_ITEM_VALUE, SUB_ITEM_CASCADE, SUB_ITEM_DESCRIPTION, SUB_ITEM_ORDER, SUB_ITEM_CREATOR, SUB_ITEM_CREATED, SUB_ITEM_MODIFIER, SUB_ITEM_MODIFIED, SUB_ITEM_VERSION)
values ('1173', 'ENVIRONMENT_TYPE', '生产', '4', 0, null, 4, 'admin', to_timestamp('05-03-2014 00:00:00.000000', 'dd-mm-yyyy hh24:mi:ss.ff'), 'admin', to_timestamp('05-03-2014 00:00:00.000000', 'dd-mm-yyyy hh24:mi:ss.ff'), 0);
insert into JEDA_SUB_ITEM (SUB_ITEM_ID, ITEM_ID, SUB_ITEM_NAME, SUB_ITEM_VALUE, SUB_ITEM_CASCADE, SUB_ITEM_DESCRIPTION, SUB_ITEM_ORDER, SUB_ITEM_CREATOR, SUB_ITEM_CREATED, SUB_ITEM_MODIFIER, SUB_ITEM_MODIFIED, SUB_ITEM_VERSION)
values ('1174', 'PARAM_TYPE', '字符串', '1', 0, null, 1, 'admin', to_timestamp('05-03-2014 00:00:00.000000', 'dd-mm-yyyy hh24:mi:ss.ff'), 'admin', to_timestamp('05-03-2014 00:00:00.000000', 'dd-mm-yyyy hh24:mi:ss.ff'), 0);
insert into JEDA_SUB_ITEM (SUB_ITEM_ID, ITEM_ID, SUB_ITEM_NAME, SUB_ITEM_VALUE, SUB_ITEM_CASCADE, SUB_ITEM_DESCRIPTION, SUB_ITEM_ORDER, SUB_ITEM_CREATOR, SUB_ITEM_CREATED, SUB_ITEM_MODIFIER, SUB_ITEM_MODIFIED, SUB_ITEM_VERSION)
values ('1175', 'PARAM_TYPE', '整型', '2', 0, null, 2, 'admin', to_timestamp('05-03-2014 00:00:00.000000', 'dd-mm-yyyy hh24:mi:ss.ff'), 'admin', to_timestamp('05-03-2014 00:00:00.000000', 'dd-mm-yyyy hh24:mi:ss.ff'), 0);
insert into JEDA_SUB_ITEM (SUB_ITEM_ID, ITEM_ID, SUB_ITEM_NAME, SUB_ITEM_VALUE, SUB_ITEM_CASCADE, SUB_ITEM_DESCRIPTION, SUB_ITEM_ORDER, SUB_ITEM_CREATOR, SUB_ITEM_CREATED, SUB_ITEM_MODIFIER, SUB_ITEM_MODIFIED, SUB_ITEM_VERSION)
values ('1176', 'PARAM_TYPE', '日期', '3', 0, null, 3, 'admin', to_timestamp('05-03-2014 00:00:00.000000', 'dd-mm-yyyy hh24:mi:ss.ff'), 'admin', to_timestamp('05-03-2014 00:00:00.000000', 'dd-mm-yyyy hh24:mi:ss.ff'), 0);
insert into JEDA_SUB_ITEM (SUB_ITEM_ID, ITEM_ID, SUB_ITEM_NAME, SUB_ITEM_VALUE, SUB_ITEM_CASCADE, SUB_ITEM_DESCRIPTION, SUB_ITEM_ORDER, SUB_ITEM_CREATOR, SUB_ITEM_CREATED, SUB_ITEM_MODIFIER, SUB_ITEM_MODIFIED, SUB_ITEM_VERSION)
values ('1177', 'PARAM_TYPE', '时间', '4', 0, null, 4, 'admin', to_timestamp('05-03-2014 00:00:00.000000', 'dd-mm-yyyy hh24:mi:ss.ff'), 'admin', to_timestamp('05-03-2014 00:00:00.000000', 'dd-mm-yyyy hh24:mi:ss.ff'), 0);
insert into JEDA_SUB_ITEM (SUB_ITEM_ID, ITEM_ID, SUB_ITEM_NAME, SUB_ITEM_VALUE, SUB_ITEM_CASCADE, SUB_ITEM_DESCRIPTION, SUB_ITEM_ORDER, SUB_ITEM_CREATOR, SUB_ITEM_CREATED, SUB_ITEM_MODIFIER, SUB_ITEM_MODIFIED, SUB_ITEM_VERSION)
values ('1178', 'PARAM_TYPE', 'ip地址', '5', 0, null, 5, 'admin', to_timestamp('05-03-2014 00:00:00.000000', 'dd-mm-yyyy hh24:mi:ss.ff'), 'admin', to_timestamp('05-03-2014 00:00:00.000000', 'dd-mm-yyyy hh24:mi:ss.ff'), 0);
insert into JEDA_SUB_ITEM (SUB_ITEM_ID, ITEM_ID, SUB_ITEM_NAME, SUB_ITEM_VALUE, SUB_ITEM_CASCADE, SUB_ITEM_DESCRIPTION, SUB_ITEM_ORDER, SUB_ITEM_CREATOR, SUB_ITEM_CREATED, SUB_ITEM_MODIFIER, SUB_ITEM_MODIFIED, SUB_ITEM_VERSION)
values ('1179', 'ALARM_LEVEL', '一级告警', '1', 0, null, 1, 'admin', to_timestamp('13-03-2014 00:00:00.000000', 'dd-mm-yyyy hh24:mi:ss.ff'), 'admin', to_timestamp('13-03-2014 00:00:00.000000', 'dd-mm-yyyy hh24:mi:ss.ff'), 0);
insert into JEDA_SUB_ITEM (SUB_ITEM_ID, ITEM_ID, SUB_ITEM_NAME, SUB_ITEM_VALUE, SUB_ITEM_CASCADE, SUB_ITEM_DESCRIPTION, SUB_ITEM_ORDER, SUB_ITEM_CREATOR, SUB_ITEM_CREATED, SUB_ITEM_MODIFIER, SUB_ITEM_MODIFIED, SUB_ITEM_VERSION)
values ('1180', 'ALARM_LEVEL', '二级告警', '2', 0, null, 2, 'admin', to_timestamp('13-03-2014 00:00:00.000000', 'dd-mm-yyyy hh24:mi:ss.ff'), 'admin', to_timestamp('13-03-2014 00:00:00.000000', 'dd-mm-yyyy hh24:mi:ss.ff'), 0);
insert into JEDA_SUB_ITEM (SUB_ITEM_ID, ITEM_ID, SUB_ITEM_NAME, SUB_ITEM_VALUE, SUB_ITEM_CASCADE, SUB_ITEM_DESCRIPTION, SUB_ITEM_ORDER, SUB_ITEM_CREATOR, SUB_ITEM_CREATED, SUB_ITEM_MODIFIER, SUB_ITEM_MODIFIED, SUB_ITEM_VERSION)
values ('1181', 'ALARM_LEVEL', '三级告警', '3', 0, null, 3, 'admin', to_timestamp('13-03-2014 00:00:00.000000', 'dd-mm-yyyy hh24:mi:ss.ff'), 'admin', to_timestamp('13-03-2014 00:00:00.000000', 'dd-mm-yyyy hh24:mi:ss.ff'), 0);
insert into JEDA_SUB_ITEM (SUB_ITEM_ID, ITEM_ID, SUB_ITEM_NAME, SUB_ITEM_VALUE, SUB_ITEM_CASCADE, SUB_ITEM_DESCRIPTION, SUB_ITEM_ORDER, SUB_ITEM_CREATOR, SUB_ITEM_CREATED, SUB_ITEM_MODIFIER, SUB_ITEM_MODIFIED, SUB_ITEM_VERSION)
values ('1182', 'MANAGEBYCENTER', '未接管', '0', 0, null, 0, 'admin', to_timestamp('13-03-2014 00:00:00.000000', 'dd-mm-yyyy hh24:mi:ss.ff'), 'admin', to_timestamp('13-03-2014 00:00:00.000000', 'dd-mm-yyyy hh24:mi:ss.ff'), 0);
insert into JEDA_SUB_ITEM (SUB_ITEM_ID, ITEM_ID, SUB_ITEM_NAME, SUB_ITEM_VALUE, SUB_ITEM_CASCADE, SUB_ITEM_DESCRIPTION, SUB_ITEM_ORDER, SUB_ITEM_CREATOR, SUB_ITEM_CREATED, SUB_ITEM_MODIFIER, SUB_ITEM_MODIFIED, SUB_ITEM_VERSION)
values ('1183', 'MANAGEBYCENTER', '已接管', '1', 0, null, 1, 'admin', to_timestamp('13-03-2014 00:00:00.000000', 'dd-mm-yyyy hh24:mi:ss.ff'), 'admin', to_timestamp('13-03-2014 00:00:00.000000', 'dd-mm-yyyy hh24:mi:ss.ff'), 0);
insert into JEDA_SUB_ITEM (SUB_ITEM_ID, ITEM_ID, SUB_ITEM_NAME, SUB_ITEM_VALUE, SUB_ITEM_CASCADE, SUB_ITEM_DESCRIPTION, SUB_ITEM_ORDER, SUB_ITEM_CREATOR, SUB_ITEM_CREATED, SUB_ITEM_MODIFIER, SUB_ITEM_MODIFIED, SUB_ITEM_VERSION)
values ('1184', 'EVENTSTATUS', '新事件', '0', 0, null, 0, 'admin', to_timestamp('13-03-2014 00:00:00.000000', 'dd-mm-yyyy hh24:mi:ss.ff'), 'admin', to_timestamp('13-03-2014 00:00:00.000000', 'dd-mm-yyyy hh24:mi:ss.ff'), 0);
insert into JEDA_SUB_ITEM (SUB_ITEM_ID, ITEM_ID, SUB_ITEM_NAME, SUB_ITEM_VALUE, SUB_ITEM_CASCADE, SUB_ITEM_DESCRIPTION, SUB_ITEM_ORDER, SUB_ITEM_CREATOR, SUB_ITEM_CREATED, SUB_ITEM_MODIFIER, SUB_ITEM_MODIFIED, SUB_ITEM_VERSION)
values ('1185', 'EVENTSTATUS', '已恢复未关闭', '1', 0, null, 1, 'admin', to_timestamp('13-03-2014 00:00:00.000000', 'dd-mm-yyyy hh24:mi:ss.ff'), 'admin', to_timestamp('13-03-2014 00:00:00.000000', 'dd-mm-yyyy hh24:mi:ss.ff'), 0);
insert into JEDA_SUB_ITEM (SUB_ITEM_ID, ITEM_ID, SUB_ITEM_NAME, SUB_ITEM_VALUE, SUB_ITEM_CASCADE, SUB_ITEM_DESCRIPTION, SUB_ITEM_ORDER, SUB_ITEM_CREATOR, SUB_ITEM_CREATED, SUB_ITEM_MODIFIER, SUB_ITEM_MODIFIED, SUB_ITEM_VERSION)
values ('1186', 'EVENTSTATUS', '已恢复并且关闭', '2', 0, null, 2, 'admin', to_timestamp('13-03-2014 00:00:00.000000', 'dd-mm-yyyy hh24:mi:ss.ff'), 'admin', to_timestamp('13-03-2014 00:00:00.000000', 'dd-mm-yyyy hh24:mi:ss.ff'), 0);
insert into JEDA_SUB_ITEM (SUB_ITEM_ID, ITEM_ID, SUB_ITEM_NAME, SUB_ITEM_VALUE, SUB_ITEM_CASCADE, SUB_ITEM_DESCRIPTION, SUB_ITEM_ORDER, SUB_ITEM_CREATOR, SUB_ITEM_CREATED, SUB_ITEM_MODIFIER, SUB_ITEM_MODIFIED, SUB_ITEM_VERSION)
values ('1187', 'EVENTSTATUS', '已关闭', '3', 0, null, 3, 'admin', to_timestamp('13-03-2014 00:00:00.000000', 'dd-mm-yyyy hh24:mi:ss.ff'), 'admin', to_timestamp('13-03-2014 00:00:00.000000', 'dd-mm-yyyy hh24:mi:ss.ff'), 0);
insert into JEDA_SUB_ITEM (SUB_ITEM_ID, ITEM_ID, SUB_ITEM_NAME, SUB_ITEM_VALUE, SUB_ITEM_CASCADE, SUB_ITEM_DESCRIPTION, SUB_ITEM_ORDER, SUB_ITEM_CREATOR, SUB_ITEM_CREATED, SUB_ITEM_MODIFIER, SUB_ITEM_MODIFIED, SUB_ITEM_VERSION)
values ('1188', 'EVENTSTATUS', '已强制关闭', '4', 0, null, 4, 'admin', to_timestamp('13-03-2014 00:00:00.000000', 'dd-mm-yyyy hh24:mi:ss.ff'), 'admin', to_timestamp('13-03-2014 00:00:00.000000', 'dd-mm-yyyy hh24:mi:ss.ff'), 0);
insert into JEDA_SUB_ITEM (SUB_ITEM_ID, ITEM_ID, SUB_ITEM_NAME, SUB_ITEM_VALUE, SUB_ITEM_CASCADE, SUB_ITEM_DESCRIPTION, SUB_ITEM_ORDER, SUB_ITEM_CREATOR, SUB_ITEM_CREATED, SUB_ITEM_MODIFIER, SUB_ITEM_MODIFIED, SUB_ITEM_VERSION)
values ('1189', 'MAINTAINSTATUS', '非维护期状态', '0', 0, null, 0, 'admin', to_timestamp('13-03-2014 00:00:00.000000', 'dd-mm-yyyy hh24:mi:ss.ff'), 'admin', to_timestamp('13-03-2014 00:00:00.000000', 'dd-mm-yyyy hh24:mi:ss.ff'), 0);
insert into JEDA_SUB_ITEM (SUB_ITEM_ID, ITEM_ID, SUB_ITEM_NAME, SUB_ITEM_VALUE, SUB_ITEM_CASCADE, SUB_ITEM_DESCRIPTION, SUB_ITEM_ORDER, SUB_ITEM_CREATOR, SUB_ITEM_CREATED, SUB_ITEM_MODIFIER, SUB_ITEM_MODIFIED, SUB_ITEM_VERSION)
values ('1190', 'MAINTAINSTATUS', '维护期状态', '1', 0, null, 1, 'admin', to_timestamp('13-03-2014 00:00:00.000000', 'dd-mm-yyyy hh24:mi:ss.ff'), 'admin', to_timestamp('13-03-2014 00:00:00.000000', 'dd-mm-yyyy hh24:mi:ss.ff'), 0);
insert into JEDA_SUB_ITEM (SUB_ITEM_ID, ITEM_ID, SUB_ITEM_NAME, SUB_ITEM_VALUE, SUB_ITEM_CASCADE, SUB_ITEM_DESCRIPTION, SUB_ITEM_ORDER, SUB_ITEM_CREATOR, SUB_ITEM_CREATED, SUB_ITEM_MODIFIER, SUB_ITEM_MODIFIED, SUB_ITEM_VERSION)
values ('1191', 'MAINTAINSTATUS', '出维护期状态', '2', 0, null, 2, 'admin', to_timestamp('13-03-2014 00:00:00.000000', 'dd-mm-yyyy hh24:mi:ss.ff'), 'admin', to_timestamp('13-03-2014 00:00:00.000000', 'dd-mm-yyyy hh24:mi:ss.ff'), 0);
insert into JEDA_SUB_ITEM (SUB_ITEM_ID, ITEM_ID, SUB_ITEM_NAME, SUB_ITEM_VALUE, SUB_ITEM_CASCADE, SUB_ITEM_DESCRIPTION, SUB_ITEM_ORDER, SUB_ITEM_CREATOR, SUB_ITEM_CREATED, SUB_ITEM_MODIFIER, SUB_ITEM_MODIFIED, SUB_ITEM_VERSION)
values ('1192', 'SCRIPT_TYPE', 'GBK', '1', 0, null, 1, 'admin', to_timestamp('14-03-2014 00:00:00.000000', 'dd-mm-yyyy hh24:mi:ss.ff'), 'admin', to_timestamp('14-03-2014 00:00:00.000000', 'dd-mm-yyyy hh24:mi:ss.ff'), 0);
insert into JEDA_SUB_ITEM (SUB_ITEM_ID, ITEM_ID, SUB_ITEM_NAME, SUB_ITEM_VALUE, SUB_ITEM_CASCADE, SUB_ITEM_DESCRIPTION, SUB_ITEM_ORDER, SUB_ITEM_CREATOR, SUB_ITEM_CREATED, SUB_ITEM_MODIFIER, SUB_ITEM_MODIFIED, SUB_ITEM_VERSION)
values ('1193', 'SCRIPT_TYPE', 'UTF-8', '2', 0, null, 2, 'admin', to_timestamp('14-03-2014 00:00:00.000000', 'dd-mm-yyyy hh24:mi:ss.ff'), 'admin', to_timestamp('14-03-2014 00:00:00.000000', 'dd-mm-yyyy hh24:mi:ss.ff'), 0);
insert into JEDA_SUB_ITEM (SUB_ITEM_ID, ITEM_ID, SUB_ITEM_NAME, SUB_ITEM_VALUE, SUB_ITEM_CASCADE, SUB_ITEM_DESCRIPTION, SUB_ITEM_ORDER, SUB_ITEM_CREATOR, SUB_ITEM_CREATED, SUB_ITEM_MODIFIER, SUB_ITEM_MODIFIED, SUB_ITEM_VERSION)
values ('1000', 'SERVER_GROUP', 'WEB', '1', 0, null, 1, 'admin', to_timestamp('02-11-2013 00:00:00.000000', 'dd-mm-yyyy hh24:mi:ss.ff'), 'admin', to_timestamp('24-11-2013 00:00:00.000000', 'dd-mm-yyyy hh24:mi:ss.ff'), 0);
insert into JEDA_SUB_ITEM (SUB_ITEM_ID, ITEM_ID, SUB_ITEM_NAME, SUB_ITEM_VALUE, SUB_ITEM_CASCADE, SUB_ITEM_DESCRIPTION, SUB_ITEM_ORDER, SUB_ITEM_CREATOR, SUB_ITEM_CREATED, SUB_ITEM_MODIFIER, SUB_ITEM_MODIFIED, SUB_ITEM_VERSION)
values ('1001', 'SERVER_GROUP', 'APP', '2', 0, null, 2, 'admin', to_timestamp('02-11-2013 00:00:00.000000', 'dd-mm-yyyy hh24:mi:ss.ff'), 'admin', to_timestamp('24-11-2013 00:00:00.000000', 'dd-mm-yyyy hh24:mi:ss.ff'), 0);
insert into JEDA_SUB_ITEM (SUB_ITEM_ID, ITEM_ID, SUB_ITEM_NAME, SUB_ITEM_VALUE, SUB_ITEM_CASCADE, SUB_ITEM_DESCRIPTION, SUB_ITEM_ORDER, SUB_ITEM_CREATOR, SUB_ITEM_CREATED, SUB_ITEM_MODIFIER, SUB_ITEM_MODIFIED, SUB_ITEM_VERSION)
values ('1002', 'SERVER_GROUP', 'DB', '3', 0, null, 3, 'admin', to_timestamp('02-11-2013 00:00:00.000000', 'dd-mm-yyyy hh24:mi:ss.ff'), 'admin', to_timestamp('24-11-2013 00:00:00.000000', 'dd-mm-yyyy hh24:mi:ss.ff'), 0);
insert into JEDA_SUB_ITEM (SUB_ITEM_ID, ITEM_ID, SUB_ITEM_NAME, SUB_ITEM_VALUE, SUB_ITEM_CASCADE, SUB_ITEM_DESCRIPTION, SUB_ITEM_ORDER, SUB_ITEM_CREATOR, SUB_ITEM_CREATED, SUB_ITEM_MODIFIER, SUB_ITEM_MODIFIED, SUB_ITEM_VERSION)
values ('1033', 'CHECK_TYPE', '合规巡检', '1', 0, null, 1, 'admin', to_timestamp('09-11-2013 00:00:00.000000', 'dd-mm-yyyy hh24:mi:ss.ff'), 'admin', to_timestamp('09-11-2013 00:00:00.000000', 'dd-mm-yyyy hh24:mi:ss.ff'), 0);
insert into JEDA_SUB_ITEM (SUB_ITEM_ID, ITEM_ID, SUB_ITEM_NAME, SUB_ITEM_VALUE, SUB_ITEM_CASCADE, SUB_ITEM_DESCRIPTION, SUB_ITEM_ORDER, SUB_ITEM_CREATOR, SUB_ITEM_CREATED, SUB_ITEM_MODIFIER, SUB_ITEM_MODIFIED, SUB_ITEM_VERSION)
values ('1034', 'CHECK_TYPE', '健康巡检', '2', 0, null, 2, 'admin', to_timestamp('09-11-2013 00:00:00.000000', 'dd-mm-yyyy hh24:mi:ss.ff'), 'admin', to_timestamp('09-11-2013 00:00:00.000000', 'dd-mm-yyyy hh24:mi:ss.ff'), 0);
insert into JEDA_SUB_ITEM (SUB_ITEM_ID, ITEM_ID, SUB_ITEM_NAME, SUB_ITEM_VALUE, SUB_ITEM_CASCADE, SUB_ITEM_DESCRIPTION, SUB_ITEM_ORDER, SUB_ITEM_CREATOR, SUB_ITEM_CREATED, SUB_ITEM_MODIFIER, SUB_ITEM_MODIFIED, SUB_ITEM_VERSION)
values ('1035', 'CHECK_AUTHORIZE_LEVEL_TYPE', '常规巡检', '1', 0, null, 1, 'admin', to_timestamp('09-11-2013 00:00:00.000000', 'dd-mm-yyyy hh24:mi:ss.ff'), 'admin', to_timestamp('09-11-2013 00:00:00.000000', 'dd-mm-yyyy hh24:mi:ss.ff'), 0);
insert into JEDA_SUB_ITEM (SUB_ITEM_ID, ITEM_ID, SUB_ITEM_NAME, SUB_ITEM_VALUE, SUB_ITEM_CASCADE, SUB_ITEM_DESCRIPTION, SUB_ITEM_ORDER, SUB_ITEM_CREATOR, SUB_ITEM_CREATED, SUB_ITEM_MODIFIER, SUB_ITEM_MODIFIED, SUB_ITEM_VERSION)
values ('1036', 'CHECK_AUTHORIZE_LEVEL_TYPE', '临时巡检', '2', 0, null, 2, 'admin', to_timestamp('09-11-2013 00:00:00.000000', 'dd-mm-yyyy hh24:mi:ss.ff'), 'admin', to_timestamp('09-11-2013 00:00:00.000000', 'dd-mm-yyyy hh24:mi:ss.ff'), 0);
insert into JEDA_SUB_ITEM (SUB_ITEM_ID, ITEM_ID, SUB_ITEM_NAME, SUB_ITEM_VALUE, SUB_ITEM_CASCADE, SUB_ITEM_DESCRIPTION, SUB_ITEM_ORDER, SUB_ITEM_CREATOR, SUB_ITEM_CREATED, SUB_ITEM_MODIFIER, SUB_ITEM_MODIFIED, SUB_ITEM_VERSION)
values ('1037', 'CHECK_FIELD_TYPE', '应用巡检', 'APP', 0, null, 1, 'admin', to_timestamp('09-11-2013 00:00:00.000000', 'dd-mm-yyyy hh24:mi:ss.ff'), 'admin', to_timestamp('09-11-2013 00:00:00.000000', 'dd-mm-yyyy hh24:mi:ss.ff'), 0);
insert into JEDA_SUB_ITEM (SUB_ITEM_ID, ITEM_ID, SUB_ITEM_NAME, SUB_ITEM_VALUE, SUB_ITEM_CASCADE, SUB_ITEM_DESCRIPTION, SUB_ITEM_ORDER, SUB_ITEM_CREATOR, SUB_ITEM_CREATED, SUB_ITEM_MODIFIER, SUB_ITEM_MODIFIED, SUB_ITEM_VERSION)
values ('1038', 'CHECK_FIELD_TYPE', '系统巡检', 'OS', 0, null, 2, 'admin', to_timestamp('09-11-2013 00:00:00.000000', 'dd-mm-yyyy hh24:mi:ss.ff'), 'admin', to_timestamp('09-11-2013 00:00:00.000000', 'dd-mm-yyyy hh24:mi:ss.ff'), 0);
insert into JEDA_SUB_ITEM (SUB_ITEM_ID, ITEM_ID, SUB_ITEM_NAME, SUB_ITEM_VALUE, SUB_ITEM_CASCADE, SUB_ITEM_DESCRIPTION, SUB_ITEM_ORDER, SUB_ITEM_CREATOR, SUB_ITEM_CREATED, SUB_ITEM_MODIFIER, SUB_ITEM_MODIFIED, SUB_ITEM_VERSION)
values ('1039', 'CHECK_FIELD_TYPE', '数据库巡检', 'DB', 0, null, 3, 'admin', to_timestamp('09-11-2013 00:00:00.000000', 'dd-mm-yyyy hh24:mi:ss.ff'), 'admin', to_timestamp('09-11-2013 00:00:00.000000', 'dd-mm-yyyy hh24:mi:ss.ff'), 0);
insert into JEDA_SUB_ITEM (SUB_ITEM_ID, ITEM_ID, SUB_ITEM_NAME, SUB_ITEM_VALUE, SUB_ITEM_CASCADE, SUB_ITEM_DESCRIPTION, SUB_ITEM_ORDER, SUB_ITEM_CREATOR, SUB_ITEM_CREATED, SUB_ITEM_MODIFIER, SUB_ITEM_MODIFIED, SUB_ITEM_VERSION)
values ('1040', 'CHECK_FIELD_TYPE', '中间件巡检', 'MW', 0, null, 4, 'admin', to_timestamp('09-11-2013 00:00:00.000000', 'dd-mm-yyyy hh24:mi:ss.ff'), 'admin', to_timestamp('09-11-2013 00:00:00.000000', 'dd-mm-yyyy hh24:mi:ss.ff'), 0);
insert into JEDA_SUB_ITEM (SUB_ITEM_ID, ITEM_ID, SUB_ITEM_NAME, SUB_ITEM_VALUE, SUB_ITEM_CASCADE, SUB_ITEM_DESCRIPTION, SUB_ITEM_ORDER, SUB_ITEM_CREATOR, SUB_ITEM_CREATED, SUB_ITEM_MODIFIER, SUB_ITEM_MODIFIED, SUB_ITEM_VERSION)
values ('1041', 'JOB_STATUS', '开发中', '1', 0, null, 1, 'admin', to_timestamp('09-11-2013 00:00:00.000000', 'dd-mm-yyyy hh24:mi:ss.ff'), 'admin', to_timestamp('09-11-2013 00:00:00.000000', 'dd-mm-yyyy hh24:mi:ss.ff'), 0);
insert into JEDA_SUB_ITEM (SUB_ITEM_ID, ITEM_ID, SUB_ITEM_NAME, SUB_ITEM_VALUE, SUB_ITEM_CASCADE, SUB_ITEM_DESCRIPTION, SUB_ITEM_ORDER, SUB_ITEM_CREATOR, SUB_ITEM_CREATED, SUB_ITEM_MODIFIER, SUB_ITEM_MODIFIED, SUB_ITEM_VERSION)
values ('1042', 'JOB_STATUS', '已发布', '2', 0, null, 2, 'admin', to_timestamp('09-11-2013 00:00:00.000000', 'dd-mm-yyyy hh24:mi:ss.ff'), 'admin', to_timestamp('02-12-2013 00:00:00.000000', 'dd-mm-yyyy hh24:mi:ss.ff'), 0);
insert into JEDA_SUB_ITEM (SUB_ITEM_ID, ITEM_ID, SUB_ITEM_NAME, SUB_ITEM_VALUE, SUB_ITEM_CASCADE, SUB_ITEM_DESCRIPTION, SUB_ITEM_ORDER, SUB_ITEM_CREATOR, SUB_ITEM_CREATED, SUB_ITEM_MODIFIER, SUB_ITEM_MODIFIED, SUB_ITEM_VERSION)
values ('1021', 'JOB_FRONTLINE_FLAG', '否', '0', 0, null, 1, 'admin', to_timestamp('09-11-2013 00:00:00.000000', 'dd-mm-yyyy hh24:mi:ss.ff'), 'admin', to_timestamp('09-11-2013 00:00:00.000000', 'dd-mm-yyyy hh24:mi:ss.ff'), 0);
insert into JEDA_SUB_ITEM (SUB_ITEM_ID, ITEM_ID, SUB_ITEM_NAME, SUB_ITEM_VALUE, SUB_ITEM_CASCADE, SUB_ITEM_DESCRIPTION, SUB_ITEM_ORDER, SUB_ITEM_CREATOR, SUB_ITEM_CREATED, SUB_ITEM_MODIFIER, SUB_ITEM_MODIFIED, SUB_ITEM_VERSION)
values ('1022', 'JOB_FRONTLINE_FLAG', '是', '1', 0, null, 2, 'admin', to_timestamp('09-11-2013 00:00:00.000000', 'dd-mm-yyyy hh24:mi:ss.ff'), 'admin', to_timestamp('09-11-2013 00:00:00.000000', 'dd-mm-yyyy hh24:mi:ss.ff'), 0);
insert into JEDA_SUB_ITEM (SUB_ITEM_ID, ITEM_ID, SUB_ITEM_NAME, SUB_ITEM_VALUE, SUB_ITEM_CASCADE, SUB_ITEM_DESCRIPTION, SUB_ITEM_ORDER, SUB_ITEM_CREATOR, SUB_ITEM_CREATED, SUB_ITEM_MODIFIER, SUB_ITEM_MODIFIED, SUB_ITEM_VERSION)
values ('1007', 'APP_PATTERN', '备机', '2', 0, null, 2, 'admin', to_timestamp('02-11-2013 00:00:00.000000', 'dd-mm-yyyy hh24:mi:ss.ff'), 'admin', to_timestamp('02-11-2013 00:00:00.000000', 'dd-mm-yyyy hh24:mi:ss.ff'), 0);
insert into JEDA_SUB_ITEM (SUB_ITEM_ID, ITEM_ID, SUB_ITEM_NAME, SUB_ITEM_VALUE, SUB_ITEM_CASCADE, SUB_ITEM_DESCRIPTION, SUB_ITEM_ORDER, SUB_ITEM_CREATOR, SUB_ITEM_CREATED, SUB_ITEM_MODIFIER, SUB_ITEM_MODIFIED, SUB_ITEM_VERSION)
values ('1008', 'APP_PATTERN', '负载均衡', '3', 0, null, 3, 'admin', to_timestamp('02-11-2013 00:00:00.000000', 'dd-mm-yyyy hh24:mi:ss.ff'), 'admin', to_timestamp('02-11-2013 00:00:00.000000', 'dd-mm-yyyy hh24:mi:ss.ff'), 0);
insert into JEDA_SUB_ITEM (SUB_ITEM_ID, ITEM_ID, SUB_ITEM_NAME, SUB_ITEM_VALUE, SUB_ITEM_CASCADE, SUB_ITEM_DESCRIPTION, SUB_ITEM_ORDER, SUB_ITEM_CREATOR, SUB_ITEM_CREATED, SUB_ITEM_MODIFIER, SUB_ITEM_MODIFIED, SUB_ITEM_VERSION)
values ('1010', 'SHARE_STORE_FLAG', '否', '0', 0, null, 1, 'admin', to_timestamp('02-11-2013 00:00:00.000000', 'dd-mm-yyyy hh24:mi:ss.ff'), 'admin', to_timestamp('02-11-2013 00:00:00.000000', 'dd-mm-yyyy hh24:mi:ss.ff'), 0);
insert into JEDA_SUB_ITEM (SUB_ITEM_ID, ITEM_ID, SUB_ITEM_NAME, SUB_ITEM_VALUE, SUB_ITEM_CASCADE, SUB_ITEM_DESCRIPTION, SUB_ITEM_ORDER, SUB_ITEM_CREATOR, SUB_ITEM_CREATED, SUB_ITEM_MODIFIER, SUB_ITEM_MODIFIED, SUB_ITEM_VERSION)
values ('1011', 'SHARE_STORE_FLAG', '是', '1', 0, null, 2, 'admin', to_timestamp('02-11-2013 00:00:00.000000', 'dd-mm-yyyy hh24:mi:ss.ff'), 'admin', to_timestamp('02-11-2013 00:00:00.000000', 'dd-mm-yyyy hh24:mi:ss.ff'), 0);
insert into JEDA_SUB_ITEM (SUB_ITEM_ID, ITEM_ID, SUB_ITEM_NAME, SUB_ITEM_VALUE, SUB_ITEM_CASCADE, SUB_ITEM_DESCRIPTION, SUB_ITEM_ORDER, SUB_ITEM_CREATOR, SUB_ITEM_CREATED, SUB_ITEM_MODIFIER, SUB_ITEM_MODIFIED, SUB_ITEM_VERSION)
values ('1023', 'JOB_AUTHORIZE_FLAG', '否', '0', 0, null, 1, 'admin', to_timestamp('09-11-2013 00:00:00.000000', 'dd-mm-yyyy hh24:mi:ss.ff'), 'admin', to_timestamp('09-11-2013 00:00:00.000000', 'dd-mm-yyyy hh24:mi:ss.ff'), 0);
insert into JEDA_SUB_ITEM (SUB_ITEM_ID, ITEM_ID, SUB_ITEM_NAME, SUB_ITEM_VALUE, SUB_ITEM_CASCADE, SUB_ITEM_DESCRIPTION, SUB_ITEM_ORDER, SUB_ITEM_CREATOR, SUB_ITEM_CREATED, SUB_ITEM_MODIFIER, SUB_ITEM_MODIFIED, SUB_ITEM_VERSION)
values ('1024', 'JOB_AUTHORIZE_FLAG', '是', '1', 0, null, 2, 'admin', to_timestamp('09-11-2013 00:00:00.000000', 'dd-mm-yyyy hh24:mi:ss.ff'), 'admin', to_timestamp('09-11-2013 00:00:00.000000', 'dd-mm-yyyy hh24:mi:ss.ff'), 0);
insert into JEDA_SUB_ITEM (SUB_ITEM_ID, ITEM_ID, SUB_ITEM_NAME, SUB_ITEM_VALUE, SUB_ITEM_CASCADE, SUB_ITEM_DESCRIPTION, SUB_ITEM_ORDER, SUB_ITEM_CREATOR, SUB_ITEM_CREATED, SUB_ITEM_MODIFIER, SUB_ITEM_MODIFIED, SUB_ITEM_VERSION)
values ('1043', 'JOB_CONFIG_WEEK', '星期日', '1', 0, null, 1, 'admin', to_timestamp('16-11-2013 00:00:00.000000', 'dd-mm-yyyy hh24:mi:ss.ff'), 'admin', to_timestamp('16-11-2013 00:00:00.000000', 'dd-mm-yyyy hh24:mi:ss.ff'), 0);
insert into JEDA_SUB_ITEM (SUB_ITEM_ID, ITEM_ID, SUB_ITEM_NAME, SUB_ITEM_VALUE, SUB_ITEM_CASCADE, SUB_ITEM_DESCRIPTION, SUB_ITEM_ORDER, SUB_ITEM_CREATOR, SUB_ITEM_CREATED, SUB_ITEM_MODIFIER, SUB_ITEM_MODIFIED, SUB_ITEM_VERSION)
values ('1044', 'JOB_CONFIG_WEEK', '星期一', '2', 0, null, 2, 'admin', to_timestamp('16-11-2013 00:00:00.000000', 'dd-mm-yyyy hh24:mi:ss.ff'), 'admin', to_timestamp('16-11-2013 00:00:00.000000', 'dd-mm-yyyy hh24:mi:ss.ff'), 0);
insert into JEDA_SUB_ITEM (SUB_ITEM_ID, ITEM_ID, SUB_ITEM_NAME, SUB_ITEM_VALUE, SUB_ITEM_CASCADE, SUB_ITEM_DESCRIPTION, SUB_ITEM_ORDER, SUB_ITEM_CREATOR, SUB_ITEM_CREATED, SUB_ITEM_MODIFIER, SUB_ITEM_MODIFIED, SUB_ITEM_VERSION)
values ('1045', 'JOB_CONFIG_WEEK', '星期二', '4', 0, null, 3, 'admin', to_timestamp('16-11-2013 00:00:00.000000', 'dd-mm-yyyy hh24:mi:ss.ff'), 'admin', to_timestamp('16-11-2013 00:00:00.000000', 'dd-mm-yyyy hh24:mi:ss.ff'), 0);
insert into JEDA_SUB_ITEM (SUB_ITEM_ID, ITEM_ID, SUB_ITEM_NAME, SUB_ITEM_VALUE, SUB_ITEM_CASCADE, SUB_ITEM_DESCRIPTION, SUB_ITEM_ORDER, SUB_ITEM_CREATOR, SUB_ITEM_CREATED, SUB_ITEM_MODIFIER, SUB_ITEM_MODIFIED, SUB_ITEM_VERSION)
values ('1046', 'JOB_CONFIG_WEEK', '星期三', '8', 0, null, 4, 'admin', to_timestamp('16-11-2013 00:00:00.000000', 'dd-mm-yyyy hh24:mi:ss.ff'), 'admin', to_timestamp('16-11-2013 00:00:00.000000', 'dd-mm-yyyy hh24:mi:ss.ff'), 0);
insert into JEDA_SUB_ITEM (SUB_ITEM_ID, ITEM_ID, SUB_ITEM_NAME, SUB_ITEM_VALUE, SUB_ITEM_CASCADE, SUB_ITEM_DESCRIPTION, SUB_ITEM_ORDER, SUB_ITEM_CREATOR, SUB_ITEM_CREATED, SUB_ITEM_MODIFIER, SUB_ITEM_MODIFIED, SUB_ITEM_VERSION)
values ('1047', 'JOB_CONFIG_WEEK', '星期四', '16', 0, null, 5, 'admin', to_timestamp('16-11-2013 00:00:00.000000', 'dd-mm-yyyy hh24:mi:ss.ff'), 'admin', to_timestamp('16-11-2013 00:00:00.000000', 'dd-mm-yyyy hh24:mi:ss.ff'), 0);
insert into JEDA_SUB_ITEM (SUB_ITEM_ID, ITEM_ID, SUB_ITEM_NAME, SUB_ITEM_VALUE, SUB_ITEM_CASCADE, SUB_ITEM_DESCRIPTION, SUB_ITEM_ORDER, SUB_ITEM_CREATOR, SUB_ITEM_CREATED, SUB_ITEM_MODIFIER, SUB_ITEM_MODIFIED, SUB_ITEM_VERSION)
values ('1048', 'JOB_CONFIG_WEEK', '星期五', '32', 0, null, 6, 'admin', to_timestamp('16-11-2013 00:00:00.000000', 'dd-mm-yyyy hh24:mi:ss.ff'), 'admin', to_timestamp('16-11-2013 00:00:00.000000', 'dd-mm-yyyy hh24:mi:ss.ff'), 0);
insert into JEDA_SUB_ITEM (SUB_ITEM_ID, ITEM_ID, SUB_ITEM_NAME, SUB_ITEM_VALUE, SUB_ITEM_CASCADE, SUB_ITEM_DESCRIPTION, SUB_ITEM_ORDER, SUB_ITEM_CREATOR, SUB_ITEM_CREATED, SUB_ITEM_MODIFIER, SUB_ITEM_MODIFIED, SUB_ITEM_VERSION)
values ('1049', 'JOB_CONFIG_WEEK', '星期六', '64', 0, null, 7, 'admin', to_timestamp('16-11-2013 00:00:00.000000', 'dd-mm-yyyy hh24:mi:ss.ff'), 'admin', to_timestamp('16-11-2013 00:00:00.000000', 'dd-mm-yyyy hh24:mi:ss.ff'), 0);
insert into JEDA_SUB_ITEM (SUB_ITEM_ID, ITEM_ID, SUB_ITEM_NAME, SUB_ITEM_VALUE, SUB_ITEM_CASCADE, SUB_ITEM_DESCRIPTION, SUB_ITEM_ORDER, SUB_ITEM_CREATOR, SUB_ITEM_CREATED, SUB_ITEM_MODIFIER, SUB_ITEM_MODIFIED, SUB_ITEM_VERSION)
values ('1009', 'APP_PATTERN', '主机', '1', 0, null, 1, 'admin', to_timestamp('02-11-2013 00:00:00.000000', 'dd-mm-yyyy hh24:mi:ss.ff'), 'admin', to_timestamp('02-11-2013 00:00:00.000000', 'dd-mm-yyyy hh24:mi:ss.ff'), 0);
insert into JEDA_SUB_ITEM (SUB_ITEM_ID, ITEM_ID, SUB_ITEM_NAME, SUB_ITEM_VALUE, SUB_ITEM_CASCADE, SUB_ITEM_DESCRIPTION, SUB_ITEM_ORDER, SUB_ITEM_CREATOR, SUB_ITEM_CREATED, SUB_ITEM_MODIFIER, SUB_ITEM_MODIFIED, SUB_ITEM_VERSION)
values ('1050', 'AUTHORIZE_LEVEL_TYPE', '常用工具', '1', 0, null, 1, 'admin', to_timestamp('11-11-2013 00:00:00.000000', 'dd-mm-yyyy hh24:mi:ss.ff'), 'admin', to_timestamp('11-11-2013 00:00:00.000000', 'dd-mm-yyyy hh24:mi:ss.ff'), 0);
insert into JEDA_SUB_ITEM (SUB_ITEM_ID, ITEM_ID, SUB_ITEM_NAME, SUB_ITEM_VALUE, SUB_ITEM_CASCADE, SUB_ITEM_DESCRIPTION, SUB_ITEM_ORDER, SUB_ITEM_CREATOR, SUB_ITEM_CREATED, SUB_ITEM_MODIFIER, SUB_ITEM_MODIFIED, SUB_ITEM_VERSION)
values ('1051', 'AUTHORIZE_LEVEL_TYPE', '应急工具', '2', 0, null, 2, 'admin', to_timestamp('11-11-2013 00:00:00.000000', 'dd-mm-yyyy hh24:mi:ss.ff'), 'admin', to_timestamp('11-11-2013 00:00:00.000000', 'dd-mm-yyyy hh24:mi:ss.ff'), 0);
insert into JEDA_SUB_ITEM (SUB_ITEM_ID, ITEM_ID, SUB_ITEM_NAME, SUB_ITEM_VALUE, SUB_ITEM_CASCADE, SUB_ITEM_DESCRIPTION, SUB_ITEM_ORDER, SUB_ITEM_CREATOR, SUB_ITEM_CREATED, SUB_ITEM_MODIFIER, SUB_ITEM_MODIFIED, SUB_ITEM_VERSION)
values ('1057', 'TOOL_POSITION_TYPE', '管理服务器', '1', 0, null, 1, 'admin', to_timestamp('11-11-2013 00:00:00.000000', 'dd-mm-yyyy hh24:mi:ss.ff'), 'admin', to_timestamp('25-12-2013 00:00:00.000000', 'dd-mm-yyyy hh24:mi:ss.ff'), 0);
insert into JEDA_SUB_ITEM (SUB_ITEM_ID, ITEM_ID, SUB_ITEM_NAME, SUB_ITEM_VALUE, SUB_ITEM_CASCADE, SUB_ITEM_DESCRIPTION, SUB_ITEM_ORDER, SUB_ITEM_CREATOR, SUB_ITEM_CREATED, SUB_ITEM_MODIFIER, SUB_ITEM_MODIFIED, SUB_ITEM_VERSION)
values ('1058', 'TOOL_POSITION_TYPE', '被管服务器', '2', 0, null, 2, 'admin', to_timestamp('11-11-2013 00:00:00.000000', 'dd-mm-yyyy hh24:mi:ss.ff'), 'admin', to_timestamp('11-11-2013 00:00:00.000000', 'dd-mm-yyyy hh24:mi:ss.ff'), 0);
insert into JEDA_SUB_ITEM (SUB_ITEM_ID, ITEM_ID, SUB_ITEM_NAME, SUB_ITEM_VALUE, SUB_ITEM_CASCADE, SUB_ITEM_DESCRIPTION, SUB_ITEM_ORDER, SUB_ITEM_CREATOR, SUB_ITEM_CREATED, SUB_ITEM_MODIFIER, SUB_ITEM_MODIFIED, SUB_ITEM_VERSION)
values ('1003', 'BSA_AGENT_FLAG', '未安装', '0', 0, null, 1, 'admin', to_timestamp('02-11-2013 00:00:00.000000', 'dd-mm-yyyy hh24:mi:ss.ff'), 'admin', to_timestamp('02-11-2013 00:00:00.000000', 'dd-mm-yyyy hh24:mi:ss.ff'), 0);
insert into JEDA_SUB_ITEM (SUB_ITEM_ID, ITEM_ID, SUB_ITEM_NAME, SUB_ITEM_VALUE, SUB_ITEM_CASCADE, SUB_ITEM_DESCRIPTION, SUB_ITEM_ORDER, SUB_ITEM_CREATOR, SUB_ITEM_CREATED, SUB_ITEM_MODIFIER, SUB_ITEM_MODIFIED, SUB_ITEM_VERSION)
values ('1004', 'BSA_AGENT_FLAG', '已安装', '1', 0, null, 2, 'admin', to_timestamp('02-11-2013 00:00:00.000000', 'dd-mm-yyyy hh24:mi:ss.ff'), 'admin', to_timestamp('02-11-2013 00:00:00.000000', 'dd-mm-yyyy hh24:mi:ss.ff'), 0);
insert into JEDA_SUB_ITEM (SUB_ITEM_ID, ITEM_ID, SUB_ITEM_NAME, SUB_ITEM_VALUE, SUB_ITEM_CASCADE, SUB_ITEM_DESCRIPTION, SUB_ITEM_ORDER, SUB_ITEM_CREATOR, SUB_ITEM_CREATED, SUB_ITEM_MODIFIER, SUB_ITEM_MODIFIED, SUB_ITEM_VERSION)
values ('1012', 'OS_TYPE', 'AIX', '1', 0, null, 1, 'admin', to_timestamp('02-11-2013 00:00:00.000000', 'dd-mm-yyyy hh24:mi:ss.ff'), 'admin', to_timestamp('02-11-2013 00:00:00.000000', 'dd-mm-yyyy hh24:mi:ss.ff'), 0);
insert into JEDA_SUB_ITEM (SUB_ITEM_ID, ITEM_ID, SUB_ITEM_NAME, SUB_ITEM_VALUE, SUB_ITEM_CASCADE, SUB_ITEM_DESCRIPTION, SUB_ITEM_ORDER, SUB_ITEM_CREATOR, SUB_ITEM_CREATED, SUB_ITEM_MODIFIER, SUB_ITEM_MODIFIED, SUB_ITEM_VERSION)
values ('1013', 'OS_TYPE', 'HP-UX', '2', 0, null, 2, 'admin', to_timestamp('02-11-2013 00:00:00.000000', 'dd-mm-yyyy hh24:mi:ss.ff'), 'admin', to_timestamp('01-03-2014 00:00:00.000000', 'dd-mm-yyyy hh24:mi:ss.ff'), 0);
insert into JEDA_SUB_ITEM (SUB_ITEM_ID, ITEM_ID, SUB_ITEM_NAME, SUB_ITEM_VALUE, SUB_ITEM_CASCADE, SUB_ITEM_DESCRIPTION, SUB_ITEM_ORDER, SUB_ITEM_CREATOR, SUB_ITEM_CREATED, SUB_ITEM_MODIFIER, SUB_ITEM_MODIFIED, SUB_ITEM_VERSION)
values ('1014', 'OS_TYPE', 'SUSELinux', '3', 0, null, 3, 'admin', to_timestamp('02-11-2013 00:00:00.000000', 'dd-mm-yyyy hh24:mi:ss.ff'), 'admin', to_timestamp('02-11-2013 00:00:00.000000', 'dd-mm-yyyy hh24:mi:ss.ff'), 0);
insert into JEDA_SUB_ITEM (SUB_ITEM_ID, ITEM_ID, SUB_ITEM_NAME, SUB_ITEM_VALUE, SUB_ITEM_CASCADE, SUB_ITEM_DESCRIPTION, SUB_ITEM_ORDER, SUB_ITEM_CREATOR, SUB_ITEM_CREATED, SUB_ITEM_MODIFIER, SUB_ITEM_MODIFIED, SUB_ITEM_VERSION)
values ('1015', 'OS_TYPE', 'Windows', '4', 0, null, 4, 'admin', to_timestamp('02-11-2013 00:00:00.000000', 'dd-mm-yyyy hh24:mi:ss.ff'), 'admin', to_timestamp('02-11-2013 00:00:00.000000', 'dd-mm-yyyy hh24:mi:ss.ff'), 0);
insert into JEDA_SUB_ITEM (SUB_ITEM_ID, ITEM_ID, SUB_ITEM_NAME, SUB_ITEM_VALUE, SUB_ITEM_CASCADE, SUB_ITEM_DESCRIPTION, SUB_ITEM_ORDER, SUB_ITEM_CREATOR, SUB_ITEM_CREATED, SUB_ITEM_MODIFIER, SUB_ITEM_MODIFIED, SUB_ITEM_VERSION)
values ('1005', 'TURN_SWITCH', '关闭', '0', 0, null, 1, 'admin', to_timestamp('06-11-2013 00:00:00.000000', 'dd-mm-yyyy hh24:mi:ss.ff'), 'admin', to_timestamp('06-11-2013 00:00:00.000000', 'dd-mm-yyyy hh24:mi:ss.ff'), 0);
insert into JEDA_SUB_ITEM (SUB_ITEM_ID, ITEM_ID, SUB_ITEM_NAME, SUB_ITEM_VALUE, SUB_ITEM_CASCADE, SUB_ITEM_DESCRIPTION, SUB_ITEM_ORDER, SUB_ITEM_CREATOR, SUB_ITEM_CREATED, SUB_ITEM_MODIFIER, SUB_ITEM_MODIFIED, SUB_ITEM_VERSION)
values ('1006', 'TURN_SWITCH', '打开', '1', 0, null, 2, 'admin', to_timestamp('06-11-2013 00:00:00.000000', 'dd-mm-yyyy hh24:mi:ss.ff'), 'admin', to_timestamp('06-11-2013 00:00:00.000000', 'dd-mm-yyyy hh24:mi:ss.ff'), 0);
insert into JEDA_SUB_ITEM (SUB_ITEM_ID, ITEM_ID, SUB_ITEM_NAME, SUB_ITEM_VALUE, SUB_ITEM_CASCADE, SUB_ITEM_DESCRIPTION, SUB_ITEM_ORDER, SUB_ITEM_CREATOR, SUB_ITEM_CREATED, SUB_ITEM_MODIFIER, SUB_ITEM_MODIFIED, SUB_ITEM_VERSION)
values ('1016', 'EXEC_STATUS', '未发布', '1', 0, null, 1, 'admin', to_timestamp('06-11-2013 00:00:00.000000', 'dd-mm-yyyy hh24:mi:ss.ff'), 'admin', to_timestamp('06-11-2013 00:00:00.000000', 'dd-mm-yyyy hh24:mi:ss.ff'), 0);
insert into JEDA_SUB_ITEM (SUB_ITEM_ID, ITEM_ID, SUB_ITEM_NAME, SUB_ITEM_VALUE, SUB_ITEM_CASCADE, SUB_ITEM_DESCRIPTION, SUB_ITEM_ORDER, SUB_ITEM_CREATOR, SUB_ITEM_CREATED, SUB_ITEM_MODIFIER, SUB_ITEM_MODIFIED, SUB_ITEM_VERSION)
values ('1017', 'EXEC_STATUS', '等待中', '2', 0, null, 2, 'admin', to_timestamp('06-11-2013 00:00:00.000000', 'dd-mm-yyyy hh24:mi:ss.ff'), 'admin', to_timestamp('06-11-2013 00:00:00.000000', 'dd-mm-yyyy hh24:mi:ss.ff'), 0);
insert into JEDA_SUB_ITEM (SUB_ITEM_ID, ITEM_ID, SUB_ITEM_NAME, SUB_ITEM_VALUE, SUB_ITEM_CASCADE, SUB_ITEM_DESCRIPTION, SUB_ITEM_ORDER, SUB_ITEM_CREATOR, SUB_ITEM_CREATED, SUB_ITEM_MODIFIER, SUB_ITEM_MODIFIED, SUB_ITEM_VERSION)
values ('1018', 'EXEC_STATUS', '发布中', '3', 0, null, 3, 'admin', to_timestamp('06-11-2013 00:00:00.000000', 'dd-mm-yyyy hh24:mi:ss.ff'), 'admin', to_timestamp('06-11-2013 00:00:00.000000', 'dd-mm-yyyy hh24:mi:ss.ff'), 0);
insert into JEDA_SUB_ITEM (SUB_ITEM_ID, ITEM_ID, SUB_ITEM_NAME, SUB_ITEM_VALUE, SUB_ITEM_CASCADE, SUB_ITEM_DESCRIPTION, SUB_ITEM_ORDER, SUB_ITEM_CREATOR, SUB_ITEM_CREATED, SUB_ITEM_MODIFIER, SUB_ITEM_MODIFIED, SUB_ITEM_VERSION)
values ('1019', 'EXEC_STATUS', '正常结束', '4', 0, null, 4, 'admin', to_timestamp('06-11-2013 00:00:00.000000', 'dd-mm-yyyy hh24:mi:ss.ff'), 'admin', to_timestamp('06-11-2013 00:00:00.000000', 'dd-mm-yyyy hh24:mi:ss.ff'), 0);
insert into JEDA_SUB_ITEM (SUB_ITEM_ID, ITEM_ID, SUB_ITEM_NAME, SUB_ITEM_VALUE, SUB_ITEM_CASCADE, SUB_ITEM_DESCRIPTION, SUB_ITEM_ORDER, SUB_ITEM_CREATOR, SUB_ITEM_CREATED, SUB_ITEM_MODIFIER, SUB_ITEM_MODIFIED, SUB_ITEM_VERSION)
values ('1020', 'EXEC_STATUS', '异常结束', '5', 0, null, 5, 'admin', to_timestamp('06-11-2013 00:00:00.000000', 'dd-mm-yyyy hh24:mi:ss.ff'), 'admin', to_timestamp('06-11-2013 00:00:00.000000', 'dd-mm-yyyy hh24:mi:ss.ff'), 0);
insert into JEDA_SUB_ITEM (SUB_ITEM_ID, ITEM_ID, SUB_ITEM_NAME, SUB_ITEM_VALUE, SUB_ITEM_CASCADE, SUB_ITEM_DESCRIPTION, SUB_ITEM_ORDER, SUB_ITEM_CREATOR, SUB_ITEM_CREATED, SUB_ITEM_MODIFIER, SUB_ITEM_MODIFIED, SUB_ITEM_VERSION)
values ('1067', 'GROUP_SERVER_FLAG', '组', '1', 0, null, 1, 'admin', to_timestamp('20-11-2013 00:00:00.000000', 'dd-mm-yyyy hh24:mi:ss.ff'), 'admin', to_timestamp('20-11-2013 00:00:00.000000', 'dd-mm-yyyy hh24:mi:ss.ff'), 0);
insert into JEDA_SUB_ITEM (SUB_ITEM_ID, ITEM_ID, SUB_ITEM_NAME, SUB_ITEM_VALUE, SUB_ITEM_CASCADE, SUB_ITEM_DESCRIPTION, SUB_ITEM_ORDER, SUB_ITEM_CREATOR, SUB_ITEM_CREATED, SUB_ITEM_MODIFIER, SUB_ITEM_MODIFIED, SUB_ITEM_VERSION)
values ('1068', 'GROUP_SERVER_FLAG', '服务器', '2', 0, null, 2, 'admin', to_timestamp('20-11-2013 00:00:00.000000', 'dd-mm-yyyy hh24:mi:ss.ff'), 'admin', to_timestamp('20-11-2013 00:00:00.000000', 'dd-mm-yyyy hh24:mi:ss.ff'), 0);
insert into JEDA_SUB_ITEM (SUB_ITEM_ID, ITEM_ID, SUB_ITEM_NAME, SUB_ITEM_VALUE, SUB_ITEM_CASCADE, SUB_ITEM_DESCRIPTION, SUB_ITEM_ORDER, SUB_ITEM_CREATOR, SUB_ITEM_CREATED, SUB_ITEM_MODIFIER, SUB_ITEM_MODIFIED, SUB_ITEM_VERSION)
values ('1073', 'LOG_TYPE', '应用发布', '1', 0, null, 1, 'admin', to_timestamp('29-11-2013 00:00:00.000000', 'dd-mm-yyyy hh24:mi:ss.ff'), 'admin', to_timestamp('29-11-2013 00:00:00.000000', 'dd-mm-yyyy hh24:mi:ss.ff'), 0);
insert into JEDA_SUB_ITEM (SUB_ITEM_ID, ITEM_ID, SUB_ITEM_NAME, SUB_ITEM_VALUE, SUB_ITEM_CASCADE, SUB_ITEM_DESCRIPTION, SUB_ITEM_ORDER, SUB_ITEM_CREATOR, SUB_ITEM_CREATED, SUB_ITEM_MODIFIER, SUB_ITEM_MODIFIED, SUB_ITEM_VERSION)
values ('1115', 'CHECK_EXPORT_FILE_TYPE', '组件模板', '1', 0, null, 1, 'admin', to_timestamp('23-01-2014 00:00:00.000000', 'dd-mm-yyyy hh24:mi:ss.ff'), 'admin', to_timestamp('23-01-2014 00:00:00.000000', 'dd-mm-yyyy hh24:mi:ss.ff'), 0);
insert into JEDA_SUB_ITEM (SUB_ITEM_ID, ITEM_ID, SUB_ITEM_NAME, SUB_ITEM_VALUE, SUB_ITEM_CASCADE, SUB_ITEM_DESCRIPTION, SUB_ITEM_ORDER, SUB_ITEM_CREATOR, SUB_ITEM_CREATED, SUB_ITEM_MODIFIER, SUB_ITEM_MODIFIED, SUB_ITEM_VERSION)
values ('1116', 'CHECK_EXPORT_FILE_TYPE', '巡检作业', '2', 0, null, 2, 'admin', to_timestamp('23-01-2014 00:00:00.000000', 'dd-mm-yyyy hh24:mi:ss.ff'), 'admin', to_timestamp('23-01-2014 00:00:00.000000', 'dd-mm-yyyy hh24:mi:ss.ff'), 0);
insert into JEDA_SUB_ITEM (SUB_ITEM_ID, ITEM_ID, SUB_ITEM_NAME, SUB_ITEM_VALUE, SUB_ITEM_CASCADE, SUB_ITEM_DESCRIPTION, SUB_ITEM_ORDER, SUB_ITEM_CREATOR, SUB_ITEM_CREATED, SUB_ITEM_MODIFIER, SUB_ITEM_MODIFIED, SUB_ITEM_VERSION)
values ('1074', 'LOG_TYPE', '工具箱', '2', 0, null, 2, 'admin', to_timestamp('29-11-2013 00:00:00.000000', 'dd-mm-yyyy hh24:mi:ss.ff'), 'admin', to_timestamp('29-11-2013 00:00:00.000000', 'dd-mm-yyyy hh24:mi:ss.ff'), 0);
insert into JEDA_SUB_ITEM (SUB_ITEM_ID, ITEM_ID, SUB_ITEM_NAME, SUB_ITEM_VALUE, SUB_ITEM_CASCADE, SUB_ITEM_DESCRIPTION, SUB_ITEM_ORDER, SUB_ITEM_CREATOR, SUB_ITEM_CREATED, SUB_ITEM_MODIFIER, SUB_ITEM_MODIFIED, SUB_ITEM_VERSION)
values ('1075', 'LOG_TYPE', '自动巡检', '3', 0, null, 3, 'admin', to_timestamp('29-11-2013 00:00:00.000000', 'dd-mm-yyyy hh24:mi:ss.ff'), 'admin', to_timestamp('29-11-2013 00:00:00.000000', 'dd-mm-yyyy hh24:mi:ss.ff'), 0);
insert into JEDA_SUB_ITEM (SUB_ITEM_ID, ITEM_ID, SUB_ITEM_NAME, SUB_ITEM_VALUE, SUB_ITEM_CASCADE, SUB_ITEM_DESCRIPTION, SUB_ITEM_ORDER, SUB_ITEM_CREATOR, SUB_ITEM_CREATED, SUB_ITEM_MODIFIER, SUB_ITEM_MODIFIED, SUB_ITEM_VERSION)
values ('1069', 'TOOLBOX_OS_USER_FLAG', '不指定', '0', 0, null, 0, 'admin', to_timestamp('01-12-2013 00:00:00.000000', 'dd-mm-yyyy hh24:mi:ss.ff'), 'admin', to_timestamp('01-12-2013 00:00:00.000000', 'dd-mm-yyyy hh24:mi:ss.ff'), 0);
insert into JEDA_SUB_ITEM (SUB_ITEM_ID, ITEM_ID, SUB_ITEM_NAME, SUB_ITEM_VALUE, SUB_ITEM_CASCADE, SUB_ITEM_DESCRIPTION, SUB_ITEM_ORDER, SUB_ITEM_CREATOR, SUB_ITEM_CREATED, SUB_ITEM_MODIFIER, SUB_ITEM_MODIFIED, SUB_ITEM_VERSION)
values ('1070', 'TOOLBOX_OS_USER_FLAG', '指定', '1', 0, null, 1, 'admin', to_timestamp('01-12-2013 00:00:00.000000', 'dd-mm-yyyy hh24:mi:ss.ff'), 'admin', to_timestamp('01-12-2013 00:00:00.000000', 'dd-mm-yyyy hh24:mi:ss.ff'), 0);
commit;

insert into JEDA_MENU (MENU_ID, PARENT_MENU_ID, MENU_NAME, MENU_URL, MENU_DESCRIPTION, MENU_IFRAME, MENU_ICON, MENU_ORDER, MENU_READ_ONLY, MENU_OPEN_IN_HOME, MENU_VERSION, MENU_CREATOR, MENU_CREATED, MENU_MODIFIER, MENU_MODIFIED)
values ('SYS_MANAGE', null, '系统管理', null, null, 0, 'manage', 700, null, 0, 0, 'admin', to_timestamp('16-10-2013 00:00:00.000000', 'dd-mm-yyyy hh24:mi:ss.ff'), 'admin', to_timestamp('16-10-2013 00:00:00.000000', 'dd-mm-yyyy hh24:mi:ss.ff'));
insert into JEDA_MENU (MENU_ID, PARENT_MENU_ID, MENU_NAME, MENU_URL, MENU_DESCRIPTION, MENU_IFRAME, MENU_ICON, MENU_ORDER, MENU_READ_ONLY, MENU_OPEN_IN_HOME, MENU_VERSION, MENU_CREATOR, MENU_CREATED, MENU_MODIFIER, MENU_MODIFIED)
values ('DPLYMANAGER', null, '应用发布', null, null, 0, 'deploy', 11000, null, 0, 2, 'admin', to_timestamp('03-07-2013 00:00:00.000000', 'dd-mm-yyyy hh24:mi:ss.ff'), 'admin', to_timestamp('23-10-2013 00:00:00.000000', 'dd-mm-yyyy hh24:mi:ss.ff'));
insert into JEDA_MENU (MENU_ID, PARENT_MENU_ID, MENU_NAME, MENU_URL, MENU_DESCRIPTION, MENU_IFRAME, MENU_ICON, MENU_ORDER, MENU_READ_ONLY, MENU_OPEN_IN_HOME, MENU_VERSION, MENU_CREATOR, MENU_CREATED, MENU_MODIFIER, MENU_MODIFIED)
values ('DAYCHECK', null, '日常巡检', null, null, 0, 'patrol', 13000, null, 0, 1, 'admin', to_timestamp('03-07-2013 00:00:00.000000', 'dd-mm-yyyy hh24:mi:ss.ff'), 'admin', to_timestamp('23-10-2013 00:00:00.000000', 'dd-mm-yyyy hh24:mi:ss.ff'));
insert into JEDA_MENU (MENU_ID, PARENT_MENU_ID, MENU_NAME, MENU_URL, MENU_DESCRIPTION, MENU_IFRAME, MENU_ICON, MENU_ORDER, MENU_READ_ONLY, MENU_OPEN_IN_HOME, MENU_VERSION, MENU_CREATOR, MENU_CREATED, MENU_MODIFIER, MENU_MODIFIED)
values ('TOOL_BOX', null, '操作工具箱', null, null, 0, 'toolbox', 14000, null, 0, 0, 'admin', to_timestamp('23-10-2013 00:00:00.000000', 'dd-mm-yyyy hh24:mi:ss.ff'), 'admin', to_timestamp('23-10-2013 00:00:00.000000', 'dd-mm-yyyy hh24:mi:ss.ff'));
insert into JEDA_MENU (MENU_ID, PARENT_MENU_ID, MENU_NAME, MENU_URL, MENU_DESCRIPTION, MENU_IFRAME, MENU_ICON, MENU_ORDER, MENU_READ_ONLY, MENU_OPEN_IN_HOME, MENU_VERSION, MENU_CREATOR, MENU_CREATED, MENU_MODIFIER, MENU_MODIFIED)
values ('RELEASE_FLOW_MOVE', 'DPLYMANAGER', '发布流程迁移', null, null, 0, null, 11700, null, 0, 3, 'admin', to_timestamp('23-10-2013 00:00:00.000000', 'dd-mm-yyyy hh24:mi:ss.ff'), 'admin', to_timestamp('14-03-2014 00:00:00.000000', 'dd-mm-yyyy hh24:mi:ss.ff'));
insert into JEDA_MENU (MENU_ID, PARENT_MENU_ID, MENU_NAME, MENU_URL, MENU_DESCRIPTION, MENU_IFRAME, MENU_ICON, MENU_ORDER, MENU_READ_ONLY, MENU_OPEN_IN_HOME, MENU_VERSION, MENU_CREATOR, MENU_CREATED, MENU_MODIFIER, MENU_MODIFIED)
values ('REPORT_MANAGE', 'DAYCHECK', '报表管理', null, null, 0, null, 130008, null, 0, 0, 'admin', sysdate, 'admin', sysdate);
insert into JEDA_MENU (MENU_ID, PARENT_MENU_ID, MENU_NAME, MENU_URL, MENU_DESCRIPTION, MENU_IFRAME, MENU_ICON, MENU_ORDER, MENU_READ_ONLY, MENU_OPEN_IN_HOME, MENU_VERSION, MENU_CREATOR, MENU_CREATED, MENU_MODIFIER, MENU_MODIFIED)
values ('RPT_DATA_MANAGE', 'DAYCHECK', '数据管理', null, null, 0, null, 130005, null, 0, 0, 'admin', sysdate, 'admin', sysdate);
insert into JEDA_MENU (MENU_ID, PARENT_MENU_ID, MENU_NAME, MENU_URL, MENU_DESCRIPTION, MENU_IFRAME, MENU_ICON, MENU_ORDER, MENU_READ_ONLY, MENU_OPEN_IN_HOME, MENU_VERSION, MENU_CREATOR, MENU_CREATED, MENU_MODIFIER, MENU_MODIFIED)
values ('CHECK_CONFIG_MANAGE', 'DAYCHECK', '配置管理', null, null, 0, null, 130006, null, 0, 0, 'admin', sysdate, 'admin', sysdate);
commit;

insert into JEDA_MENU (MENU_ID, PARENT_MENU_ID, MENU_NAME, MENU_URL, MENU_DESCRIPTION, MENU_IFRAME, MENU_ICON, MENU_ORDER, MENU_READ_ONLY, MENU_OPEN_IN_HOME, MENU_VERSION, MENU_CREATOR, MENU_CREATED, MENU_MODIFIER, MENU_MODIFIED)
values ('REP_ITEM_CONF', 'CHECK_CONFIG_MANAGE', '报表科目配置', 'manage/rptitemconf/index', null, 0, null, 1300061, null, 0, 0, 'admin', sysdate, 'admin', sysdate);
insert into JEDA_MENU (MENU_ID, PARENT_MENU_ID, MENU_NAME, MENU_URL, MENU_DESCRIPTION, MENU_IFRAME, MENU_ICON, MENU_ORDER, MENU_READ_ONLY, MENU_OPEN_IN_HOME, MENU_VERSION, MENU_CREATOR, MENU_CREATED, MENU_MODIFIER, MENU_MODIFIED)
values ('REP_CHART_CONF', 'CHECK_CONFIG_MANAGE', '报表图表配置', 'manage/rptchartconf/index', null, 0, null, 1300062, null, 0, 0, 'admin', sysdate, 'admin', sysdate);
insert into JEDA_MENU (MENU_ID, PARENT_MENU_ID, MENU_NAME, MENU_URL, MENU_DESCRIPTION, MENU_IFRAME, MENU_ICON, MENU_ORDER, MENU_READ_ONLY, MENU_OPEN_IN_HOME, MENU_VERSION, MENU_CREATOR, MENU_CREATED, MENU_MODIFIER, MENU_MODIFIED)
values ('MgrWeblogicConfManageIndex', 'CHECK_CONFIG_MANAGE', 'Weblogic数据导入配置', 'manage/weblogicconfmanage/index', null, 0, null, 1300063, null, 0, 0, 'admin', sysdate, 'admin', sysdate);
insert into JEDA_MENU (MENU_ID, PARENT_MENU_ID, MENU_NAME, MENU_URL, MENU_DESCRIPTION, MENU_IFRAME, MENU_ICON, MENU_ORDER, MENU_READ_ONLY, MENU_OPEN_IN_HOME, MENU_VERSION, MENU_CREATOR, MENU_CREATED, MENU_MODIFIER, MENU_MODIFIED)
values ('MgrServerConfIndex', 'CHECK_CONFIG_MANAGE', '服务器配置', 'manage/serverconf/index', null, 0, null, 1300064, null, 0, 0, 'admin', sysdate, 'admin', sysdate);
insert into JEDA_MENU (MENU_ID, PARENT_MENU_ID, MENU_NAME, MENU_URL, MENU_DESCRIPTION, MENU_IFRAME, MENU_ICON, MENU_ORDER, MENU_READ_ONLY, MENU_OPEN_IN_HOME, MENU_VERSION, MENU_CREATOR, MENU_CREATED, MENU_MODIFIER, MENU_MODIFIED)
values ('MgrTimesTransConfManageIndex', 'CHECK_CONFIG_MANAGE', '分钟和秒交易量导入配置', 'manage/timestransconfmanage/inde', null, 0, null, 1300065, null, 0, 0, 'admin', sysdate, 'admin', sysdate);
insert into JEDA_MENU (MENU_ID, PARENT_MENU_ID, MENU_NAME, MENU_URL, MENU_DESCRIPTION, MENU_IFRAME, MENU_ICON, MENU_ORDER, MENU_READ_ONLY, MENU_OPEN_IN_HOME, MENU_VERSION, MENU_CREATOR, MENU_CREATED, MENU_MODIFIER, MENU_MODIFIED)
values ('MgrSysResrcStstcsIndex', 'CHECK_CONFIG_MANAGE', '系统资源统计口径配置', 'manage/sysresrcststcs/index', null, 0, null, 1300066, null, 0, 0, 'admin', sysdate, 'admin', sysdate);

insert into JEDA_MENU (MENU_ID, PARENT_MENU_ID, MENU_NAME, MENU_URL, MENU_DESCRIPTION, MENU_IFRAME, MENU_ICON, MENU_ORDER, MENU_READ_ONLY, MENU_OPEN_IN_HOME, MENU_VERSION, MENU_CREATOR, MENU_CREATED, MENU_MODIFIER, MENU_MODIFIED)
values ('MgrRptDataWeblogic', 'RPT_DATA_MANAGE', 'Weblogic数据导入', 'manage/rptdatainterface/weblogic', null, 0, null, 1300051, null, 0, 0, 'admin', sysdate, 'admin', sysdate);
insert into JEDA_MENU (MENU_ID, PARENT_MENU_ID, MENU_NAME, MENU_URL, MENU_DESCRIPTION, MENU_IFRAME, MENU_ICON, MENU_ORDER, MENU_READ_ONLY, MENU_OPEN_IN_HOME, MENU_VERSION, MENU_CREATOR, MENU_CREATED, MENU_MODIFIER, MENU_MODIFIED)
values ('MgrRptDataWeek', 'RPT_DATA_MANAGE', '周报数据导入', 'manage/rptdatainterface/week', null, 0, null, 1300052, null, 0, 0, 'admin', sysdate, 'admin', sysdate);
insert into JEDA_MENU (MENU_ID, PARENT_MENU_ID, MENU_NAME, MENU_URL, MENU_DESCRIPTION, MENU_IFRAME, MENU_ICON, MENU_ORDER, MENU_READ_ONLY, MENU_OPEN_IN_HOME, MENU_VERSION, MENU_CREATOR, MENU_CREATED, MENU_MODIFIER, MENU_MODIFIED)
values ('MgrRptDataSysResource', 'RPT_DATA_MANAGE', '系统资源导入', 'manage/rptdatainterface/sysResource', null, 0, null, 1300054, null, 0, 0, 'admin', sysdate, 'admin', sysdate);
insert into JEDA_MENU (MENU_ID, PARENT_MENU_ID, MENU_NAME, MENU_URL, MENU_DESCRIPTION, MENU_IFRAME, MENU_ICON, MENU_ORDER, MENU_READ_ONLY, MENU_OPEN_IN_HOME, MENU_VERSION, MENU_CREATOR, MENU_CREATED, MENU_MODIFIER, MENU_MODIFIED)
values ('MgrRptDataMonth', 'RPT_DATA_MANAGE', '月报数据导入', 'manage/rptdatainterface/month', null, 0, null, 1300053, null, 0, 0, 'admin', sysdate, 'admin', sysdate);


insert into JEDA_MENU (MENU_ID, PARENT_MENU_ID, MENU_NAME, MENU_URL, MENU_DESCRIPTION, MENU_IFRAME, MENU_ICON, MENU_ORDER, MENU_READ_ONLY, MENU_OPEN_IN_HOME, MENU_VERSION, MENU_CREATOR, MENU_CREATED, MENU_MODIFIER, MENU_MODIFIED)
values ('DAY_REP_MANAGE', 'REPORT_MANAGE', '日报', 'manage/dayrptmanage/index', null, 0, null, 1300081, null, 0, 0, 'admin', sysdate, 'admin', sysdate);
insert into JEDA_MENU (MENU_ID, PARENT_MENU_ID, MENU_NAME, MENU_URL, MENU_DESCRIPTION, MENU_IFRAME, MENU_ICON, MENU_ORDER, MENU_READ_ONLY, MENU_OPEN_IN_HOME, MENU_VERSION, MENU_CREATOR, MENU_CREATED, MENU_MODIFIER, MENU_MODIFIED)
values ('WEEK_REP_MANAGE', 'REPORT_MANAGE', '周报', 'manage/weekrptmanage/index', null, 0, null, 1300082, null, 0, 0, 'admin', sysdate, 'admin', sysdate);
insert into JEDA_MENU (MENU_ID, PARENT_MENU_ID, MENU_NAME, MENU_URL, MENU_DESCRIPTION, MENU_IFRAME, MENU_ICON, MENU_ORDER, MENU_READ_ONLY, MENU_OPEN_IN_HOME, MENU_VERSION, MENU_CREATOR, MENU_CREATED, MENU_MODIFIER, MENU_MODIFIED)
values ('MONTH_REP_MANAGE', 'REPORT_MANAGE', '月报', 'manage/monthrptmanage/index', null, 0, null, 1300083, null, 0, 0, 'admin', sysdate, 'admin', sysdate);
insert into JEDA_MENU (MENU_ID, PARENT_MENU_ID, MENU_NAME, MENU_URL, MENU_DESCRIPTION, MENU_IFRAME, MENU_ICON, MENU_ORDER, MENU_READ_ONLY, MENU_OPEN_IN_HOME, MENU_VERSION, MENU_CREATOR, MENU_CREATED, MENU_MODIFIER, MENU_MODIFIED)
values ('REQUEST_PARAM_LIST', 'DPLYMANAGER', '系统发布参数配置', 'manage/dplyrequestinfo/paramList', null, 0, 'systemprop', 11450, null, 0, 0, 'admin', to_timestamp('16-12-2013 00:00:00.000000', 'dd-mm-yyyy hh24:mi:ss.ff'), 'admin', to_timestamp('16-12-2013 00:00:00.000000', 'dd-mm-yyyy hh24:mi:ss.ff'));
insert into JEDA_MENU (MENU_ID, PARENT_MENU_ID, MENU_NAME, MENU_URL, MENU_DESCRIPTION, MENU_IFRAME, MENU_ICON, MENU_ORDER, MENU_READ_ONLY, MENU_OPEN_IN_HOME, MENU_VERSION, MENU_CREATOR, MENU_CREATED, MENU_MODIFIER, MENU_MODIFIED)
values ('TOOLBOX_EXCINDEX', 'TOOL_BOX', '工具箱使用', 'flash/ToolBoxController/excindex', null, 0, 'excute', 14101, null, 0, 0, 'admin', to_timestamp('25-12-2013 00:00:00.000000', 'dd-mm-yyyy hh24:mi:ss.ff'), 'admin', to_timestamp('25-12-2013 00:00:00.000000', 'dd-mm-yyyy hh24:mi:ss.ff'));
insert into JEDA_MENU (MENU_ID, PARENT_MENU_ID, MENU_NAME, MENU_URL, MENU_DESCRIPTION, MENU_IFRAME, MENU_ICON, MENU_ORDER, MENU_READ_ONLY, MENU_OPEN_IN_HOME, MENU_VERSION, MENU_CREATOR, MENU_CREATED, MENU_MODIFIER, MENU_MODIFIED)
values ('TOOLBOXEXPIMP', 'TOOL_BOX', '工具箱迁移', null, null, 0, null, 14102, null, 0, 0, 'admin', to_timestamp('21-01-2014 00:00:00.000000', 'dd-mm-yyyy hh24:mi:ss.ff'), 'admin', to_timestamp('21-01-2014 00:00:00.000000', 'dd-mm-yyyy hh24:mi:ss.ff'));
insert into JEDA_MENU (MENU_ID, PARENT_MENU_ID, MENU_NAME, MENU_URL, MENU_DESCRIPTION, MENU_IFRAME, MENU_ICON, MENU_ORDER, MENU_READ_ONLY, MENU_OPEN_IN_HOME, MENU_VERSION, MENU_CREATOR, MENU_CREATED, MENU_MODIFIER, MENU_MODIFIED)
values ('JOB_CREATE', 'DPLYMANAGER', '发布作业构建', null, null, 0, null, 11100, null, 0, 5, 'admin', to_timestamp('11-03-2014 00:00:00.000000', 'dd-mm-yyyy hh24:mi:ss.ff'), 'admin', to_timestamp('14-03-2014 00:00:00.000000', 'dd-mm-yyyy hh24:mi:ss.ff'));
insert into JEDA_MENU (MENU_ID, PARENT_MENU_ID, MENU_NAME, MENU_URL, MENU_DESCRIPTION, MENU_IFRAME, MENU_ICON, MENU_ORDER, MENU_READ_ONLY, MENU_OPEN_IN_HOME, MENU_VERSION, MENU_CREATOR, MENU_CREATED, MENU_MODIFIER, MENU_MODIFIED)
values ('DplyGroup', 'JOB_CREATE', '发布服务构建', 'manage/nshjob/groupIndex', null, 0, 'systemprop', 778, null, 0, 1, 'admin', to_timestamp('11-03-2014 00:00:00.000000', 'dd-mm-yyyy hh24:mi:ss.ff'), 'admin', to_timestamp('14-03-2014 00:00:00.000000', 'dd-mm-yyyy hh24:mi:ss.ff'));
insert into JEDA_MENU (MENU_ID, PARENT_MENU_ID, MENU_NAME, MENU_URL, MENU_DESCRIPTION, MENU_IFRAME, MENU_ICON, MENU_ORDER, MENU_READ_ONLY, MENU_OPEN_IN_HOME, MENU_VERSION, MENU_CREATOR, MENU_CREATED, MENU_MODIFIER, MENU_MODIFIED)
values ('DplyNshJob', 'JOB_CREATE', 'Nsh作业构建', 'manage/nshjob/index', null, 0, 'systemprop', 779, null, 0, 0, 'admin', to_timestamp('11-03-2014 00:00:00.000000', 'dd-mm-yyyy hh24:mi:ss.ff'), 'admin', to_timestamp('11-03-2014 00:00:00.000000', 'dd-mm-yyyy hh24:mi:ss.ff'));
insert into JEDA_MENU (MENU_ID, PARENT_MENU_ID, MENU_NAME, MENU_URL, MENU_DESCRIPTION, MENU_IFRAME, MENU_ICON, MENU_ORDER, MENU_READ_ONLY, MENU_OPEN_IN_HOME, MENU_VERSION, MENU_CREATOR, MENU_CREATED, MENU_MODIFIER, MENU_MODIFIED)
values ('SCHEDULE_VIEW', 'DPLYMANAGER', '发布进度展示', null, null, 0, null, 11600, null, 0, 0, 'admin', to_timestamp('14-12-2013 00:00:00.000000', 'dd-mm-yyyy hh24:mi:ss.ff'), 'admin', to_timestamp('14-12-2013 00:00:00.000000', 'dd-mm-yyyy hh24:mi:ss.ff'));
insert into JEDA_MENU (MENU_ID, PARENT_MENU_ID, MENU_NAME, MENU_URL, MENU_DESCRIPTION, MENU_IFRAME, MENU_ICON, MENU_ORDER, MENU_READ_ONLY, MENU_OPEN_IN_HOME, MENU_VERSION, MENU_CREATOR, MENU_CREATED, MENU_MODIFIER, MENU_MODIFIED)
values ('DplyExcuteStatus', 'RELEASE_FLOW_MOVE', '迁移状态信息', 'manage/moveexport/info', null, 0, 'log', 11230, null, 0, 0, 'admin', to_timestamp('11-01-2014 00:00:00.000000', 'dd-mm-yyyy hh24:mi:ss.ff'), 'admin', to_timestamp('11-01-2014 00:00:00.000000', 'dd-mm-yyyy hh24:mi:ss.ff'));
insert into JEDA_MENU (MENU_ID, PARENT_MENU_ID, MENU_NAME, MENU_URL, MENU_DESCRIPTION, MENU_IFRAME, MENU_ICON, MENU_ORDER, MENU_READ_ONLY, MENU_OPEN_IN_HOME, MENU_VERSION, MENU_CREATOR, MENU_CREATED, MENU_MODIFIER, MENU_MODIFIED)
values ('STEP_SCHEDULE', 'SCHEDULE_VIEW', '系统步骤进度', 'flash/monitor/stepIndex', null, 0, 'progress_chart', 11620, null, 0, 0, 'admin', to_timestamp('14-12-2013 00:00:00.000000', 'dd-mm-yyyy hh24:mi:ss.ff'), 'admin', to_timestamp('14-12-2013 00:00:00.000000', 'dd-mm-yyyy hh24:mi:ss.ff'));
insert into JEDA_MENU (MENU_ID, PARENT_MENU_ID, MENU_NAME, MENU_URL, MENU_DESCRIPTION, MENU_IFRAME, MENU_ICON, MENU_ORDER, MENU_READ_ONLY, MENU_OPEN_IN_HOME, MENU_VERSION, MENU_CREATOR, MENU_CREATED, MENU_MODIFIER, MENU_MODIFIED)
values ('MarOsUser', 'SYS_MANAGE', '操作用户信息', 'manage/serverssynchronous/osuser', null, 0, 'member', 705, null, 0, 1, 'admin', to_timestamp('18-12-2013 00:00:00.000000', 'dd-mm-yyyy hh24:mi:ss.ff'), 'admin', to_timestamp('11-03-2014 00:00:00.000000', 'dd-mm-yyyy hh24:mi:ss.ff'));
insert into JEDA_MENU (MENU_ID, PARENT_MENU_ID, MENU_NAME, MENU_URL, MENU_DESCRIPTION, MENU_IFRAME, MENU_ICON, MENU_ORDER, MENU_READ_ONLY, MENU_OPEN_IN_HOME, MENU_VERSION, MENU_CREATOR, MENU_CREATED, MENU_MODIFIER, MENU_MODIFIED)
values ('ALARM_INFORMATION', 'TOOL_BOX', '工具箱监控信息', null, null, 0, null, 4, null, 0, 0, 'admin', to_timestamp('11-02-2014 00:00:00.000000', 'dd-mm-yyyy hh24:mi:ss.ff'), 'admin', to_timestamp('11-02-2014 00:00:00.000000', 'dd-mm-yyyy hh24:mi:ss.ff'));
insert into JEDA_MENU (MENU_ID, PARENT_MENU_ID, MENU_NAME, MENU_URL, MENU_DESCRIPTION, MENU_IFRAME, MENU_ICON, MENU_ORDER, MENU_READ_ONLY, MENU_OPEN_IN_HOME, MENU_VERSION, MENU_CREATOR, MENU_CREATED, MENU_MODIFIER, MENU_MODIFIED)
values ('ALARM_IGNORED', 'ALARM_INFORMATION', '已忽略报警 ', 'flash/ToolBoxAlarmController/alarmignored', null, 0, 'warningIgnore', 3, null, 0, 0, 'admin', to_timestamp('17-02-2014 00:00:00.000000', 'dd-mm-yyyy hh24:mi:ss.ff'), 'admin', to_timestamp('17-02-2014 00:00:00.000000', 'dd-mm-yyyy hh24:mi:ss.ff'));
insert into JEDA_MENU (MENU_ID, PARENT_MENU_ID, MENU_NAME, MENU_URL, MENU_DESCRIPTION, MENU_IFRAME, MENU_ICON, MENU_ORDER, MENU_READ_ONLY, MENU_OPEN_IN_HOME, MENU_VERSION, MENU_CREATOR, MENU_CREATED, MENU_MODIFIER, MENU_MODIFIED)
values ('ALARM_TREATED', 'ALARM_INFORMATION', '已处理报警', 'flash/ToolBoxAlarmController/alarmtreated', null, 0, 'warningOk', 2, null, 0, 0, 'admin', to_timestamp('17-02-2014 00:00:00.000000', 'dd-mm-yyyy hh24:mi:ss.ff'), 'admin', to_timestamp('17-02-2014 00:00:00.000000', 'dd-mm-yyyy hh24:mi:ss.ff'));
insert into JEDA_MENU (MENU_ID, PARENT_MENU_ID, MENU_NAME, MENU_URL, MENU_DESCRIPTION, MENU_IFRAME, MENU_ICON, MENU_ORDER, MENU_READ_ONLY, MENU_OPEN_IN_HOME, MENU_VERSION, MENU_CREATOR, MENU_CREATED, MENU_MODIFIER, MENU_MODIFIED)
values ('ALARM_UNTREATED', 'ALARM_INFORMATION', '未处理报警', 'flash/ToolBoxAlarmController/alarmuntreated', null, 0, 'warningNoHandle', 1, null, 0, 1, 'admin', to_timestamp('11-02-2014 00:00:00.000000', 'dd-mm-yyyy hh24:mi:ss.ff'), 'admin', to_timestamp('11-02-2014 00:00:00.000000', 'dd-mm-yyyy hh24:mi:ss.ff'));
insert into JEDA_MENU (MENU_ID, PARENT_MENU_ID, MENU_NAME, MENU_URL, MENU_DESCRIPTION, MENU_IFRAME, MENU_ICON, MENU_ORDER, MENU_READ_ONLY, MENU_OPEN_IN_HOME, MENU_VERSION, MENU_CREATOR, MENU_CREATED, MENU_MODIFIER, MENU_MODIFIED)
values ('CHECK_ERROR_INDEX', 'DAYCHECK', '错误处理', 'flash/checkerror/index', null, 0, 'errorHandle', 130003, null, 0, 0, 'admin', to_timestamp('11-02-2014 00:00:00.000000', 'dd-mm-yyyy hh24:mi:ss.ff'), 'admin', to_timestamp('11-02-2014 00:00:00.000000', 'dd-mm-yyyy hh24:mi:ss.ff'));
insert into JEDA_MENU (MENU_ID, PARENT_MENU_ID, MENU_NAME, MENU_URL, MENU_DESCRIPTION, MENU_IFRAME, MENU_ICON, MENU_ORDER, MENU_READ_ONLY, MENU_OPEN_IN_HOME, MENU_VERSION, MENU_CREATOR, MENU_CREATED, MENU_MODIFIER, MENU_MODIFIED)
values ('CHECK_CONFIG_MOVE', 'DAYCHECK', '数据迁移', null, '巡检数据迁移', 0, null, 130004, null, 0, 0, 'admin', to_timestamp('11-02-2014 00:00:00.000000', 'dd-mm-yyyy hh24:mi:ss.ff'), 'admin', to_timestamp('11-02-2014 00:00:00.000000', 'dd-mm-yyyy hh24:mi:ss.ff'));
insert into JEDA_MENU (MENU_ID, PARENT_MENU_ID, MENU_NAME, MENU_URL, MENU_DESCRIPTION, MENU_IFRAME, MENU_ICON, MENU_ORDER, MENU_READ_ONLY, MENU_OPEN_IN_HOME, MENU_VERSION, MENU_CREATOR, MENU_CREATED, MENU_MODIFIER, MENU_MODIFIED)
values ('CHECK_CONFIG_IMPORT', 'CHECK_CONFIG_MOVE', '文件导入', 'flash/checkimport/index', '执行巡检相关数据（模板、作业、配置对象）的导入操作', 0, 'import', 1300042, null, 0, 0, 'admin', to_timestamp('11-02-2014 00:00:00.000000', 'dd-mm-yyyy hh24:mi:ss.ff'), 'admin', to_timestamp('11-02-2014 00:00:00.000000', 'dd-mm-yyyy hh24:mi:ss.ff'));
insert into JEDA_MENU (MENU_ID, PARENT_MENU_ID, MENU_NAME, MENU_URL, MENU_DESCRIPTION, MENU_IFRAME, MENU_ICON, MENU_ORDER, MENU_READ_ONLY, MENU_OPEN_IN_HOME, MENU_VERSION, MENU_CREATOR, MENU_CREATED, MENU_MODIFIER, MENU_MODIFIED)
values ('CHECK_CONFIG_EXPORT', 'CHECK_CONFIG_MOVE', '文件导出', 'flash/checkexport/index', '执行巡检相关数据（模板、作业、配置对象）的导出操作', 0, 'export', 1300041, null, 0, 0, 'admin', to_timestamp('11-02-2014 00:00:00.000000', 'dd-mm-yyyy hh24:mi:ss.ff'), 'admin', to_timestamp('11-02-2014 00:00:00.000000', 'dd-mm-yyyy hh24:mi:ss.ff'));
insert into JEDA_MENU (MENU_ID, PARENT_MENU_ID, MENU_NAME, MENU_URL, MENU_DESCRIPTION, MENU_IFRAME, MENU_ICON, MENU_ORDER, MENU_READ_ONLY, MENU_OPEN_IN_HOME, MENU_VERSION, MENU_CREATOR, MENU_CREATED, MENU_MODIFIER, MENU_MODIFIED)
values ('TOOLBOX_IMPORT', 'TOOLBOXEXPIMP', '工具导入', 'flash/ToolBoxController/importindex', null, 0, 'import', 2, null, 0, 0, 'admin', to_timestamp('21-01-2014 00:00:00.000000', 'dd-mm-yyyy hh24:mi:ss.ff'), 'admin', to_timestamp('21-01-2014 00:00:00.000000', 'dd-mm-yyyy hh24:mi:ss.ff'));
insert into JEDA_MENU (MENU_ID, PARENT_MENU_ID, MENU_NAME, MENU_URL, MENU_DESCRIPTION, MENU_IFRAME, MENU_ICON, MENU_ORDER, MENU_READ_ONLY, MENU_OPEN_IN_HOME, MENU_VERSION, MENU_CREATOR, MENU_CREATED, MENU_MODIFIER, MENU_MODIFIED)
values ('TOOLBOX_EXPORT', 'TOOLBOXEXPIMP', '工具导出', 'flash/ToolBoxController/exportindex', null, 0, 'export', 1, null, 0, 0, 'admin', to_timestamp('21-01-2014 00:00:00.000000', 'dd-mm-yyyy hh24:mi:ss.ff'), 'admin', to_timestamp('21-01-2014 00:00:00.000000', 'dd-mm-yyyy hh24:mi:ss.ff'));
insert into JEDA_MENU (MENU_ID, PARENT_MENU_ID, MENU_NAME, MENU_URL, MENU_DESCRIPTION, MENU_IFRAME, MENU_ICON, MENU_ORDER, MENU_READ_ONLY, MENU_OPEN_IN_HOME, MENU_VERSION, MENU_CREATOR, MENU_CREATED, MENU_MODIFIER, MENU_MODIFIED)
values ('DplyRequestAuthorizeIndex', 'DPLYMANAGER', '发布请求授权', 'manage/dplyrequestinfo/authorize_index', null, 0, 'appstart', 11500, null, 0, 2, 'admin', sysdate, 'admin', sysdate);
insert into JEDA_MENU (MENU_ID, PARENT_MENU_ID, MENU_NAME, MENU_URL, MENU_DESCRIPTION, MENU_IFRAME, MENU_ICON, MENU_ORDER, MENU_READ_ONLY, MENU_OPEN_IN_HOME, MENU_VERSION, MENU_CREATOR, MENU_CREATED, MENU_MODIFIER, MENU_MODIFIED)
values ('DplyRequestInfoIndex', 'DPLYMANAGER', '发布请求启动', 'manage/dplyrequestinfo/index', null, 0, 'appstart', 11510, null, 0, 2, 'admin', to_timestamp('05-11-2013 00:00:00.000000', 'dd-mm-yyyy hh24:mi:ss.ff'), 'admin', to_timestamp('23-11-2013 00:00:00.000000', 'dd-mm-yyyy hh24:mi:ss.ff'));
insert into JEDA_MENU (MENU_ID, PARENT_MENU_ID, MENU_NAME, MENU_URL, MENU_DESCRIPTION, MENU_IFRAME, MENU_ICON, MENU_ORDER, MENU_READ_ONLY, MENU_OPEN_IN_HOME, MENU_VERSION, MENU_CREATOR, MENU_CREATED, MENU_MODIFIER, MENU_MODIFIED)
values ('CmnEnvironment', 'SYS_MANAGE', '应用环境信息', 'manage/cmnenvironment/index', null, 0, 'env', 706, null, 0, 1, 'admin', to_timestamp('11-11-2013 00:00:00.000000', 'dd-mm-yyyy hh24:mi:ss.ff'), 'admin', to_timestamp('14-12-2013 00:00:00.000000', 'dd-mm-yyyy hh24:mi:ss.ff'));
insert into JEDA_MENU (MENU_ID, PARENT_MENU_ID, MENU_NAME, MENU_URL, MENU_DESCRIPTION, MENU_IFRAME, MENU_ICON, MENU_ORDER, MENU_READ_ONLY, MENU_OPEN_IN_HOME, MENU_VERSION, MENU_CREATOR, MENU_CREATED, MENU_MODIFIER, MENU_MODIFIED)
values ('MgrAppSystemInfoIndex', 'SYS_MANAGE', '应用系统信息', 'manage/appInfo/index', null, 0, 'system', 702, null, 0, 1, 'admin', to_timestamp('17-10-2013 00:00:00.000000', 'dd-mm-yyyy hh24:mi:ss.ff'), 'admin', to_timestamp('02-11-2013 00:00:00.000000', 'dd-mm-yyyy hh24:mi:ss.ff'));
insert into JEDA_MENU (MENU_ID, PARENT_MENU_ID, MENU_NAME, MENU_URL, MENU_DESCRIPTION, MENU_IFRAME, MENU_ICON, MENU_ORDER, MENU_READ_ONLY, MENU_OPEN_IN_HOME, MENU_VERSION, MENU_CREATOR, MENU_CREATED, MENU_MODIFIER, MENU_MODIFIED)
values ('TOOLBOX_INDEX', 'TOOL_BOX', '工具箱编辑', 'flash/ToolBoxController/index', null, 0, 'config', 14100, null, 0, 2, 'admin', to_timestamp('11-11-2013 00:00:00.000000', 'dd-mm-yyyy hh24:mi:ss.ff'), 'admin', to_timestamp('25-12-2013 00:00:00.000000', 'dd-mm-yyyy hh24:mi:ss.ff'));
insert into JEDA_MENU (MENU_ID, PARENT_MENU_ID, MENU_NAME, MENU_URL, MENU_DESCRIPTION, MENU_IFRAME, MENU_ICON, MENU_ORDER, MENU_READ_ONLY, MENU_OPEN_IN_HOME, MENU_VERSION, MENU_CREATOR, MENU_CREATED, MENU_MODIFIER, MENU_MODIFIED)
values ('MarServersSynchronous', 'SYS_MANAGE', '服务器信息', 'manage/serverssynchronous/index', null, 0, 'search', 704, null, 0, 1, 'admin', to_timestamp('23-10-2013 00:00:00.000000', 'dd-mm-yyyy hh24:mi:ss.ff'), 'admin', to_timestamp('14-12-2013 00:00:00.000000', 'dd-mm-yyyy hh24:mi:ss.ff'));
insert into JEDA_MENU (MENU_ID, PARENT_MENU_ID, MENU_NAME, MENU_URL, MENU_DESCRIPTION, MENU_IFRAME, MENU_ICON, MENU_ORDER, MENU_READ_ONLY, MENU_OPEN_IN_HOME, MENU_VERSION, MENU_CREATOR, MENU_CREATED, MENU_MODIFIER, MENU_MODIFIED)
values ('CONFIG_MSG_EXPORT', 'RELEASE_FLOW_MOVE', '投产配置信息导出', 'manage/moveexport/index', null, 0, 'export', 11210, null, 0, 1, 'admin', to_timestamp('23-10-2013 00:00:00.000000', 'dd-mm-yyyy hh24:mi:ss.ff'), 'admin', to_timestamp('23-10-2013 00:00:00.000000', 'dd-mm-yyyy hh24:mi:ss.ff'));
insert into JEDA_MENU (MENU_ID, PARENT_MENU_ID, MENU_NAME, MENU_URL, MENU_DESCRIPTION, MENU_IFRAME, MENU_ICON, MENU_ORDER, MENU_READ_ONLY, MENU_OPEN_IN_HOME, MENU_VERSION, MENU_CREATOR, MENU_CREATED, MENU_MODIFIER, MENU_MODIFIED)
values ('CONFIG_MSG_IMPORT', 'RELEASE_FLOW_MOVE', '投产配置信息导入', 'manage/moveimport/index', null, 0, 'import', 11220, null, 0, 1, 'admin', to_timestamp('23-10-2013 00:00:00.000000', 'dd-mm-yyyy hh24:mi:ss.ff'), 'admin', to_timestamp('24-10-2013 00:00:00.000000', 'dd-mm-yyyy hh24:mi:ss.ff'));
insert into JEDA_MENU (MENU_ID, PARENT_MENU_ID, MENU_NAME, MENU_URL, MENU_DESCRIPTION, MENU_IFRAME, MENU_ICON, MENU_ORDER, MENU_READ_ONLY, MENU_OPEN_IN_HOME, MENU_VERSION, MENU_CREATOR, MENU_CREATED, MENU_MODIFIER, MENU_MODIFIED)
values ('RELEASE_PROCESS_MANAGER', 'DPLYMANAGER', '发布过程管理', 'manage/releaseprocessmanager/index', null, 0, 'process', 11150, null, 0, 3, 'admin', to_timestamp('23-10-2013 00:00:00.000000', 'dd-mm-yyyy hh24:mi:ss.ff'), 'admin', to_timestamp('14-03-2014 00:00:00.000000', 'dd-mm-yyyy hh24:mi:ss.ff'));
insert into JEDA_MENU (MENU_ID, PARENT_MENU_ID, MENU_NAME, MENU_URL, MENU_DESCRIPTION, MENU_IFRAME, MENU_ICON, MENU_ORDER, MENU_READ_ONLY, MENU_OPEN_IN_HOME, MENU_VERSION, MENU_CREATOR, MENU_CREATED, MENU_MODIFIER, MENU_MODIFIED)
values ('DplySystemLog', 'SYS_MANAGE', '运行日志信息', 'manage/dplysystemlog/index', null, 0, 'log', 707, null, 0, 1, 'admin', to_timestamp('25-11-2013 00:00:00.000000', 'dd-mm-yyyy hh24:mi:ss.ff'), 'admin', to_timestamp('14-12-2013 00:00:00.000000', 'dd-mm-yyyy hh24:mi:ss.ff'));
insert into JEDA_MENU (MENU_ID, PARENT_MENU_ID, MENU_NAME, MENU_URL, MENU_DESCRIPTION, MENU_IFRAME, MENU_ICON, MENU_ORDER, MENU_READ_ONLY, MENU_OPEN_IN_HOME, MENU_VERSION, MENU_CREATOR, MENU_CREATED, MENU_MODIFIER, MENU_MODIFIED)
values ('REQ_SCHEDULE', 'SCHEDULE_VIEW', '进度展示', 'flash/monitor/index', null, 0, 'progress', 11610, null, 0, 0, 'admin', to_timestamp('14-12-2013 00:00:00.000000', 'dd-mm-yyyy hh24:mi:ss.ff'), 'admin', to_timestamp('14-12-2013 00:00:00.000000', 'dd-mm-yyyy hh24:mi:ss.ff'));
insert into JEDA_MENU (MENU_ID, PARENT_MENU_ID, MENU_NAME, MENU_URL, MENU_DESCRIPTION, MENU_IFRAME, MENU_ICON, MENU_ORDER, MENU_READ_ONLY, MENU_OPEN_IN_HOME, MENU_VERSION, MENU_CREATOR, MENU_CREATED, MENU_MODIFIER, MENU_MODIFIED)
values ('JOB_DESIGN', 'DAYCHECK', '作业设计', '', null, 0, 'book', 130001, null, 0, 0, 'admin', sysdate, 'admin', sysdate);
insert into JEDA_MENU (MENU_ID, PARENT_MENU_ID, MENU_NAME, MENU_URL, MENU_DESCRIPTION, MENU_IFRAME, MENU_ICON, MENU_ORDER, MENU_READ_ONLY, MENU_OPEN_IN_HOME, MENU_VERSION, MENU_CREATOR, MENU_CREATED, MENU_MODIFIER, MENU_MODIFIED)
values ('JOB_EXCUTE_INDEX', 'DAYCHECK', '作业执行', null, null, 0, 'excute', 130002, null, 0, 0, 'admin', sysdate, 'admin', sysdate);
insert into JEDA_MENU (MENU_ID, PARENT_MENU_ID, MENU_NAME, MENU_URL, MENU_DESCRIPTION, MENU_IFRAME, MENU_ICON, MENU_ORDER, MENU_READ_ONLY, MENU_OPEN_IN_HOME, MENU_VERSION, MENU_CREATOR, MENU_CREATED, MENU_MODIFIER, MENU_MODIFIED)
values ('CHECK_REPORT', 'DAYCHECK', '巡检报告', null, null, 0, null, 130007, null, 0, 0, 'admin', sysdate, 'admin', sysdate);
commit;
insert into JEDA_MENU (MENU_ID, PARENT_MENU_ID, MENU_NAME, MENU_URL, MENU_DESCRIPTION, MENU_IFRAME, MENU_ICON, MENU_ORDER, MENU_READ_ONLY, MENU_OPEN_IN_HOME, MENU_VERSION, MENU_CREATOR, MENU_CREATED, MENU_MODIFIER, MENU_MODIFIED)
values ('JOB_DESIGN_INDEX', 'JOB_DESIGN', '系统巡检作业', 'flash/jobdesign/index', null, 0, 'system', 13000101, null, 0, 0, 'admin', sysdate, 'admin', sysdate);
insert into JEDA_MENU (MENU_ID, PARENT_MENU_ID, MENU_NAME, MENU_URL, MENU_DESCRIPTION, MENU_IFRAME, MENU_ICON, MENU_ORDER, MENU_READ_ONLY, MENU_OPEN_IN_HOME, MENU_VERSION, MENU_CREATOR, MENU_CREATED, MENU_MODIFIER, MENU_MODIFIED)
values ('APP_JOB_DESIGN_INDEX', 'JOB_DESIGN', '应用巡检作业', 'flash/appjobdesign/index', null, 0, 'process', 13000102, null, 0, 0, 'admin', sysdate, 'admin', sysdate);
insert into JEDA_MENU (MENU_ID, PARENT_MENU_ID, MENU_NAME, MENU_URL, MENU_DESCRIPTION, MENU_IFRAME, MENU_ICON, MENU_ORDER, MENU_READ_ONLY, MENU_OPEN_IN_HOME, MENU_VERSION, MENU_CREATOR, MENU_CREATED, MENU_MODIFIER, MENU_MODIFIED)
values ('SYS_JOB_EXCUTE_INDEX', 'JOB_EXCUTE_INDEX', '系统巡检作业', 'flash/jobexcute/index', null, 0, 'system', 13000201, null, 0, 0, 'admin', sysdate, 'admin', sysdate);
insert into JEDA_MENU (MENU_ID, PARENT_MENU_ID, MENU_NAME, MENU_URL, MENU_DESCRIPTION, MENU_IFRAME, MENU_ICON, MENU_ORDER, MENU_READ_ONLY, MENU_OPEN_IN_HOME, MENU_VERSION, MENU_CREATOR, MENU_CREATED, MENU_MODIFIER, MENU_MODIFIED)
values ('APP_JOB_EXCUTE_INDEX', 'JOB_EXCUTE_INDEX', '应用巡检作业', 'flash/appjobexcute/index', null, 0, 'process', 13000202, null, 0, 0, 'admin', sysdate, 'admin', sysdate);
insert into JEDA_MENU (MENU_ID, PARENT_MENU_ID, MENU_NAME, MENU_URL, MENU_DESCRIPTION, MENU_IFRAME, MENU_ICON, MENU_ORDER, MENU_READ_ONLY, MENU_OPEN_IN_HOME, MENU_VERSION, MENU_CREATOR, MENU_CREATED, MENU_MODIFIER, MENU_MODIFIED)
values ('CHECK_REPORT_INDEX', 'CHECK_REPORT', '报告分析', 'flash/checkreport/index', null, 0, null, 13000701, null, 0, 0, 'admin', sysdate, 'admin', sysdate);
insert into JEDA_MENU (MENU_ID, PARENT_MENU_ID, MENU_NAME, MENU_URL, MENU_DESCRIPTION, MENU_IFRAME, MENU_ICON, MENU_ORDER, MENU_READ_ONLY, MENU_OPEN_IN_HOME, MENU_VERSION, MENU_CREATOR, MENU_CREATED, MENU_MODIFIER, MENU_MODIFIED)
values ('CHECK_REPORT_COUNT_INDEX', 'CHECK_REPORT', '报告统计', 'flash/checkreport/count', null, 0, null, 13000702, null, 0, 0, 'admin', sysdate, 'admin', sysdate);
commit;

insert into JEDA_POSITION (POSITION_ID, POSITION_NAME, POSITION_DESCRIPTION, POSITION_TYPE, POSITION_ORDER, POSITION_VERSION, POSITION_CREATOR, POSITION_CREATED, POSITION_MODIFIER, POSITION_MODIFIED)
values ('109', 'PROD系统团队', null, '2', 20, 3, 'admin', to_timestamp('18-03-2014 00:00:00.000000', 'dd-mm-yyyy hh24:mi:ss.ff'), 'admin', to_timestamp('18-03-2014 00:00:00.000000', 'dd-mm-yyyy hh24:mi:ss.ff'));
insert into JEDA_POSITION (POSITION_ID, POSITION_NAME, POSITION_DESCRIPTION, POSITION_TYPE, POSITION_ORDER, POSITION_VERSION, POSITION_CREATOR, POSITION_CREATED, POSITION_MODIFIER, POSITION_MODIFIED)
values ('112', 'QA测试中心', null, '2', 50, 1, 'admin', to_timestamp('18-03-2014 00:00:00.000000', 'dd-mm-yyyy hh24:mi:ss.ff'), 'admin', to_timestamp('18-03-2014 00:00:00.000000', 'dd-mm-yyyy hh24:mi:ss.ff'));
insert into JEDA_POSITION (POSITION_ID, POSITION_NAME, POSITION_DESCRIPTION, POSITION_TYPE, POSITION_ORDER, POSITION_VERSION, POSITION_CREATOR, POSITION_CREATED, POSITION_MODIFIER, POSITION_MODIFIED)
values ('111', 'DEV开发中心', null, '2', 40, 1, 'admin', to_timestamp('18-03-2014 00:00:00.000000', 'dd-mm-yyyy hh24:mi:ss.ff'), 'admin', to_timestamp('18-03-2014 00:00:00.000000', 'dd-mm-yyyy hh24:mi:ss.ff'));
insert into JEDA_POSITION (POSITION_ID, POSITION_NAME, POSITION_DESCRIPTION, POSITION_TYPE, POSITION_ORDER, POSITION_VERSION, POSITION_CREATOR, POSITION_CREATED, POSITION_MODIFIER, POSITION_MODIFIED)
values ('108', 'PROD应用团队', null, '2', 10, 4, 'admin', to_timestamp('18-03-2014 00:00:00.000000', 'dd-mm-yyyy hh24:mi:ss.ff'), 'admin', to_timestamp('18-03-2014 00:00:00.000000', 'dd-mm-yyyy hh24:mi:ss.ff'));
insert into JEDA_POSITION (POSITION_ID, POSITION_NAME, POSITION_DESCRIPTION, POSITION_TYPE, POSITION_ORDER, POSITION_VERSION, POSITION_CREATOR, POSITION_CREATED, POSITION_MODIFIER, POSITION_MODIFIED)
values ('110', 'PROD操作团队', null, '2', 30, 2, 'admin', to_timestamp('18-03-2014 00:00:00.000000', 'dd-mm-yyyy hh24:mi:ss.ff'), 'admin', to_timestamp('18-03-2014 00:00:00.000000', 'dd-mm-yyyy hh24:mi:ss.ff'));
insert into JEDA_POSITION (POSITION_ID, POSITION_NAME, POSITION_DESCRIPTION, POSITION_TYPE, POSITION_ORDER, POSITION_VERSION, POSITION_CREATOR, POSITION_CREATED, POSITION_MODIFIER, POSITION_MODIFIED)
values ('113', 'IAM用户同步岗', null, '2', 60, 1, 'admin', sysdate, 'admin', sysdate);
commit;

insert into JEDA_POSITION_PL (POSITION_ID, PL_ID)
values ('108', '1');
insert into JEDA_POSITION_PL (POSITION_ID, PL_ID)
values ('108', '2');
insert into JEDA_POSITION_PL (POSITION_ID, PL_ID)
values ('108', '3');
insert into JEDA_POSITION_PL (POSITION_ID, PL_ID)
values ('109', '1');
insert into JEDA_POSITION_PL (POSITION_ID, PL_ID)
values ('109', '2');
insert into JEDA_POSITION_PL (POSITION_ID, PL_ID)
values ('109', '3');
insert into JEDA_POSITION_PL (POSITION_ID, PL_ID)
values ('110', '1');
insert into JEDA_POSITION_PL (POSITION_ID, PL_ID)
values ('110', '2');
insert into JEDA_POSITION_PL (POSITION_ID, PL_ID)
values ('110', '3');
insert into JEDA_POSITION_PL (POSITION_ID, PL_ID)
values ('111', '1');
insert into JEDA_POSITION_PL (POSITION_ID, PL_ID)
values ('111', '2');
insert into JEDA_POSITION_PL (POSITION_ID, PL_ID)
values ('111', '3');
insert into JEDA_POSITION_PL (POSITION_ID, PL_ID)
values ('112', '1');
insert into JEDA_POSITION_PL (POSITION_ID, PL_ID)
values ('112', '2');
insert into JEDA_POSITION_PL (POSITION_ID, PL_ID)
values ('112', '3');
commit;

insert into JEDA_ROLE (ROLE_ID, ROLE_NAME, ROLE_DESCRIPTION, ROLE_TYPE, ROLE_ORDER, ROLE_READ_ONLY, ROLE_VERSION, ROLE_CREATOR, ROLE_CREATED, ROLE_MODIFIER, ROLE_MODIFIED)
values ('DevAppUserOne', 'DEV应用一线', null, 'PERMISSION', 44, null, 3, 'admin', to_timestamp('18-03-2014 00:00:00.000000', 'dd-mm-yyyy hh24:mi:ss.ff'), 'admin', to_timestamp('18-03-2014 00:00:00.000000', 'dd-mm-yyyy hh24:mi:ss.ff'));
insert into JEDA_ROLE (ROLE_ID, ROLE_NAME, ROLE_DESCRIPTION, ROLE_TYPE, ROLE_ORDER, ROLE_READ_ONLY, ROLE_VERSION, ROLE_CREATOR, ROLE_CREATED, ROLE_MODIFIER, ROLE_MODIFIED)
values ('DevPlatformAdmin', 'DEV平台管理员', null, 'PERMISSION', 43, null, 8, 'admin', to_timestamp('18-03-2014 00:00:00.000000', 'dd-mm-yyyy hh24:mi:ss.ff'), 'admin', to_timestamp('18-03-2014 00:00:00.000000', 'dd-mm-yyyy hh24:mi:ss.ff'));
insert into JEDA_ROLE (ROLE_ID, ROLE_NAME, ROLE_DESCRIPTION, ROLE_TYPE, ROLE_ORDER, ROLE_READ_ONLY, ROLE_VERSION, ROLE_CREATOR, ROLE_CREATED, ROLE_MODIFIER, ROLE_MODIFIED)
values ('DevAppAdmin', 'DEV应用管理员', null, 'PERMISSION', 41, null, 5, 'admin', to_timestamp('18-03-2014 00:00:00.000000', 'dd-mm-yyyy hh24:mi:ss.ff'), 'admin', to_timestamp('18-03-2014 00:00:00.000000', 'dd-mm-yyyy hh24:mi:ss.ff'));
insert into JEDA_ROLE (ROLE_ID, ROLE_NAME, ROLE_DESCRIPTION, ROLE_TYPE, ROLE_ORDER, ROLE_READ_ONLY, ROLE_VERSION, ROLE_CREATOR, ROLE_CREATED, ROLE_MODIFIER, ROLE_MODIFIED)
values ('DevSysAdmin', 'DEV系统管理员', null, 'PERMISSION', 42, null, 4, 'admin', to_timestamp('18-03-2014 00:00:00.000000', 'dd-mm-yyyy hh24:mi:ss.ff'), 'admin', to_timestamp('18-03-2014 00:00:00.000000', 'dd-mm-yyyy hh24:mi:ss.ff'));
insert into JEDA_ROLE (ROLE_ID, ROLE_NAME, ROLE_DESCRIPTION, ROLE_TYPE, ROLE_ORDER, ROLE_READ_ONLY, ROLE_VERSION, ROLE_CREATOR, ROLE_CREATED, ROLE_MODIFIER, ROLE_MODIFIED)
values ('ProdAppChangeManager', 'PROD应用变更经理', null, 'PERMISSION', 11, null, 5, 'admin', to_timestamp('18-03-2014 00:00:00.000000', 'dd-mm-yyyy hh24:mi:ss.ff'), 'admin', to_timestamp('18-03-2014 00:00:00.000000', 'dd-mm-yyyy hh24:mi:ss.ff'));
insert into JEDA_ROLE (ROLE_ID, ROLE_NAME, ROLE_DESCRIPTION, ROLE_TYPE, ROLE_ORDER, ROLE_READ_ONLY, ROLE_VERSION, ROLE_CREATOR, ROLE_CREATED, ROLE_MODIFIER, ROLE_MODIFIED)
values ('ProdAppAdmin', 'PROD应用管理员', null, 'PERMISSION', 12, null, 4, 'admin', to_timestamp('18-03-2014 00:00:00.000000', 'dd-mm-yyyy hh24:mi:ss.ff'), 'admin', to_timestamp('18-03-2014 00:00:00.000000', 'dd-mm-yyyy hh24:mi:ss.ff'));
insert into JEDA_ROLE (ROLE_ID, ROLE_NAME, ROLE_DESCRIPTION, ROLE_TYPE, ROLE_ORDER, ROLE_READ_ONLY, ROLE_VERSION, ROLE_CREATOR, ROLE_CREATED, ROLE_MODIFIER, ROLE_MODIFIED)
values ('ProdPlatformAdmin', 'PROD平台管理员', null, 'PERMISSION', 14, null, 3, 'admin', to_timestamp('18-03-2014 00:00:00.000000', 'dd-mm-yyyy hh24:mi:ss.ff'), 'admin', to_timestamp('18-03-2014 00:00:00.000000', 'dd-mm-yyyy hh24:mi:ss.ff'));
insert into JEDA_ROLE (ROLE_ID, ROLE_NAME, ROLE_DESCRIPTION, ROLE_TYPE, ROLE_ORDER, ROLE_READ_ONLY, ROLE_VERSION, ROLE_CREATOR, ROLE_CREATED, ROLE_MODIFIER, ROLE_MODIFIED)
values ('DevAppDplyUser', 'DEV应用发布人员', null, 'PERMISSION', 40, null, 9, 'admin', to_timestamp('18-03-2014 00:00:00.000000', 'dd-mm-yyyy hh24:mi:ss.ff'), 'admin', to_timestamp('18-03-2014 00:00:00.000000', 'dd-mm-yyyy hh24:mi:ss.ff'));
insert into JEDA_ROLE (ROLE_ID, ROLE_NAME, ROLE_DESCRIPTION, ROLE_TYPE, ROLE_ORDER, ROLE_READ_ONLY, ROLE_VERSION, ROLE_CREATOR, ROLE_CREATED, ROLE_MODIFIER, ROLE_MODIFIED)
values ('ProdAppTeamLeader', 'PROD应用团队主管', null, 'PERMISSION', 10, null, 4, 'admin', to_timestamp('18-03-2014 00:00:00.000000', 'dd-mm-yyyy hh24:mi:ss.ff'), 'admin', to_timestamp('18-03-2014 00:00:00.000000', 'dd-mm-yyyy hh24:mi:ss.ff'));
insert into JEDA_ROLE (ROLE_ID, ROLE_NAME, ROLE_DESCRIPTION, ROLE_TYPE, ROLE_ORDER, ROLE_READ_ONLY, ROLE_VERSION, ROLE_CREATOR, ROLE_CREATED, ROLE_MODIFIER, ROLE_MODIFIED)
values ('ProdSysTeamLeader', 'PROD系统团队主管', null, 'PERMISSION', 20, null, 1, 'admin', to_timestamp('18-03-2014 00:00:00.000000', 'dd-mm-yyyy hh24:mi:ss.ff'), 'admin', to_timestamp('18-03-2014 00:00:00.000000', 'dd-mm-yyyy hh24:mi:ss.ff'));
insert into JEDA_ROLE (ROLE_ID, ROLE_NAME, ROLE_DESCRIPTION, ROLE_TYPE, ROLE_ORDER, ROLE_READ_ONLY, ROLE_VERSION, ROLE_CREATOR, ROLE_CREATED, ROLE_MODIFIER, ROLE_MODIFIED)
values ('ProdSysAdmin', 'PROD系统管理员', null, 'PERMISSION', 21, null, 2, 'admin', to_timestamp('18-03-2014 00:00:00.000000', 'dd-mm-yyyy hh24:mi:ss.ff'), 'admin', to_timestamp('18-03-2014 00:00:00.000000', 'dd-mm-yyyy hh24:mi:ss.ff'));
insert into JEDA_ROLE (ROLE_ID, ROLE_NAME, ROLE_DESCRIPTION, ROLE_TYPE, ROLE_ORDER, ROLE_READ_ONLY, ROLE_VERSION, ROLE_CREATOR, ROLE_CREATED, ROLE_MODIFIER, ROLE_MODIFIED)
values ('QaTestUser', 'QA测试人员', null, 'PERMISSION', 50, null, 3, 'admin', to_timestamp('18-03-2014 00:00:00.000000', 'dd-mm-yyyy hh24:mi:ss.ff'), 'admin', to_timestamp('18-03-2014 00:00:00.000000', 'dd-mm-yyyy hh24:mi:ss.ff'));
insert into JEDA_ROLE (ROLE_ID, ROLE_NAME, ROLE_DESCRIPTION, ROLE_TYPE, ROLE_ORDER, ROLE_READ_ONLY, ROLE_VERSION, ROLE_CREATOR, ROLE_CREATED, ROLE_MODIFIER, ROLE_MODIFIED)
values ('ProdSysDBAdmin', 'PROD数据库管理员', null, 'PERMISSION', 22, null, 1, 'admin', to_timestamp('18-03-2014 00:00:00.000000', 'dd-mm-yyyy hh24:mi:ss.ff'), 'admin', to_timestamp('18-03-2014 00:00:00.000000', 'dd-mm-yyyy hh24:mi:ss.ff'));
insert into JEDA_ROLE (ROLE_ID, ROLE_NAME, ROLE_DESCRIPTION, ROLE_TYPE, ROLE_ORDER, ROLE_READ_ONLY, ROLE_VERSION, ROLE_CREATOR, ROLE_CREATED, ROLE_MODIFIER, ROLE_MODIFIED)
values ('ProdSysMWAdmin', 'PROD中间件管理员', null, 'PERMISSION', 23, null, 1, 'admin', to_timestamp('18-03-2014 00:00:00.000000', 'dd-mm-yyyy hh24:mi:ss.ff'), 'admin', to_timestamp('18-03-2014 00:00:00.000000', 'dd-mm-yyyy hh24:mi:ss.ff'));
insert into JEDA_ROLE (ROLE_ID, ROLE_NAME, ROLE_DESCRIPTION, ROLE_TYPE, ROLE_ORDER, ROLE_READ_ONLY, ROLE_VERSION, ROLE_CREATOR, ROLE_CREATED, ROLE_MODIFIER, ROLE_MODIFIED)
values ('QaAppAdmin', 'QA应用管理员', null, 'PERMISSION', 51, null, 4, 'admin', to_timestamp('18-03-2014 00:00:00.000000', 'dd-mm-yyyy hh24:mi:ss.ff'), 'admin', to_timestamp('18-03-2014 00:00:00.000000', 'dd-mm-yyyy hh24:mi:ss.ff'));
insert into JEDA_ROLE (ROLE_ID, ROLE_NAME, ROLE_DESCRIPTION, ROLE_TYPE, ROLE_ORDER, ROLE_READ_ONLY, ROLE_VERSION, ROLE_CREATOR, ROLE_CREATED, ROLE_MODIFIER, ROLE_MODIFIED)
values ('QaSysAdmin', 'QA系统管理员', null, 'PERMISSION', 52, null, 4, 'admin', to_timestamp('18-03-2014 00:00:00.000000', 'dd-mm-yyyy hh24:mi:ss.ff'), 'admin', to_timestamp('18-03-2014 00:00:00.000000', 'dd-mm-yyyy hh24:mi:ss.ff'));
insert into JEDA_ROLE (ROLE_ID, ROLE_NAME, ROLE_DESCRIPTION, ROLE_TYPE, ROLE_ORDER, ROLE_READ_ONLY, ROLE_VERSION, ROLE_CREATOR, ROLE_CREATED, ROLE_MODIFIER, ROLE_MODIFIED)
values ('QaAppUserOne', 'QA应用一线', null, 'PERMISSION', 54, null, 2, 'admin', to_timestamp('18-03-2014 00:00:00.000000', 'dd-mm-yyyy hh24:mi:ss.ff'), 'admin', to_timestamp('18-03-2014 00:00:00.000000', 'dd-mm-yyyy hh24:mi:ss.ff'));
insert into JEDA_ROLE (ROLE_ID, ROLE_NAME, ROLE_DESCRIPTION, ROLE_TYPE, ROLE_ORDER, ROLE_READ_ONLY, ROLE_VERSION, ROLE_CREATOR, ROLE_CREATED, ROLE_MODIFIER, ROLE_MODIFIED)
values ('QaPlatformAdmin', 'QA平台管理员', null, 'PERMISSION', 53, null, 7, 'admin', to_timestamp('18-03-2014 00:00:00.000000', 'dd-mm-yyyy hh24:mi:ss.ff'), 'admin', to_timestamp('18-03-2014 00:00:00.000000', 'dd-mm-yyyy hh24:mi:ss.ff'));
insert into JEDA_ROLE (ROLE_ID, ROLE_NAME, ROLE_DESCRIPTION, ROLE_TYPE, ROLE_ORDER, ROLE_READ_ONLY, ROLE_VERSION, ROLE_CREATOR, ROLE_CREATED, ROLE_MODIFIER, ROLE_MODIFIED)
values ('ProdSysChangeManager', 'PROD系统变更经理', null, 'PERMISSION', 25, null, 1, 'admin', to_timestamp('18-03-2014 00:00:00.000000', 'dd-mm-yyyy hh24:mi:ss.ff'), 'admin', to_timestamp('18-03-2014 00:00:00.000000', 'dd-mm-yyyy hh24:mi:ss.ff'));
insert into JEDA_ROLE (ROLE_ID, ROLE_NAME, ROLE_DESCRIPTION, ROLE_TYPE, ROLE_ORDER, ROLE_READ_ONLY, ROLE_VERSION, ROLE_CREATOR, ROLE_CREATED, ROLE_MODIFIER, ROLE_MODIFIED)
values ('ProdOpeTeamLeader', 'PROD操作团队主管', null, 'PERMISSION', 26, null, 2, 'admin', to_timestamp('18-03-2014 00:00:00.000000', 'dd-mm-yyyy hh24:mi:ss.ff'), 'admin', to_timestamp('18-03-2014 00:00:00.000000', 'dd-mm-yyyy hh24:mi:ss.ff'));
insert into JEDA_ROLE (ROLE_ID, ROLE_NAME, ROLE_DESCRIPTION, ROLE_TYPE, ROLE_ORDER, ROLE_READ_ONLY, ROLE_VERSION, ROLE_CREATOR, ROLE_CREATED, ROLE_MODIFIER, ROLE_MODIFIED)
values ('ProdOpeAppUserOne', 'PORD操作应用一线', null, 'PERMISSION', 27, null, 3, 'admin', to_timestamp('18-03-2014 00:00:00.000000', 'dd-mm-yyyy hh24:mi:ss.ff'), 'admin', to_timestamp('18-03-2014 00:00:00.000000', 'dd-mm-yyyy hh24:mi:ss.ff'));
insert into JEDA_ROLE (ROLE_ID, ROLE_NAME, ROLE_DESCRIPTION, ROLE_TYPE, ROLE_ORDER, ROLE_READ_ONLY, ROLE_VERSION, ROLE_CREATOR, ROLE_CREATED, ROLE_MODIFIER, ROLE_MODIFIED)
values ('ProdOpeSysUserOne', 'PROD操作系统一线', null, 'PERMISSION', 28, null, 2, 'admin', to_timestamp('18-03-2014 00:00:00.000000', 'dd-mm-yyyy hh24:mi:ss.ff'), 'admin', to_timestamp('18-03-2014 00:00:00.000000', 'dd-mm-yyyy hh24:mi:ss.ff'));
commit;

insert into JEDA_ROLE_FUNCTION (ROLE_ID, FUNCTION_ID)
values ('Administrator', 'CHECK_CREATE');
insert into JEDA_ROLE_FUNCTION (ROLE_ID, FUNCTION_ID)
values ('Administrator', 'CHECK_DELETE');
insert into JEDA_ROLE_FUNCTION (ROLE_ID, FUNCTION_ID)
values ('Administrator', 'CHECK_EDIT');
insert into JEDA_ROLE_FUNCTION (ROLE_ID, FUNCTION_ID)
values ('Administrator', 'CHECK_ERROR_HANDLE');
insert into JEDA_ROLE_FUNCTION (ROLE_ID, FUNCTION_ID)
values ('Administrator', 'CHECK_EXE');
insert into JEDA_ROLE_FUNCTION (ROLE_ID, FUNCTION_ID)
values ('Administrator', 'ENV_CREATE');
insert into JEDA_ROLE_FUNCTION (ROLE_ID, FUNCTION_ID)
values ('Administrator', 'ENV_DELETE');
insert into JEDA_ROLE_FUNCTION (ROLE_ID, FUNCTION_ID)
values ('Administrator', 'ENV_EDIT');
insert into JEDA_ROLE_FUNCTION (ROLE_ID, FUNCTION_ID)
values ('Administrator', 'OSUSER_CREATE');
insert into JEDA_ROLE_FUNCTION (ROLE_ID, FUNCTION_ID)
values ('Administrator', 'OSUSER_DELETE');
insert into JEDA_ROLE_FUNCTION (ROLE_ID, FUNCTION_ID)
values ('Administrator', 'RELEASE_BRPM_SYNC');
insert into JEDA_ROLE_FUNCTION (ROLE_ID, FUNCTION_ID)
values ('Administrator', 'RELEASE_BSA_SYNC');
insert into JEDA_ROLE_FUNCTION (ROLE_ID, FUNCTION_ID)
values ('Administrator', 'RELEASE_CREATE');
insert into JEDA_ROLE_FUNCTION (ROLE_ID, FUNCTION_ID)
values ('Administrator', 'RELEASE_DELETE');
insert into JEDA_ROLE_FUNCTION (ROLE_ID, FUNCTION_ID)
values ('Administrator', 'RELEASE_EDIT');
insert into JEDA_ROLE_FUNCTION (ROLE_ID, FUNCTION_ID)
values ('Administrator', 'REQ_EXE');
insert into JEDA_ROLE_FUNCTION (ROLE_ID, FUNCTION_ID)
values ('Administrator', 'REQ_SCDL');
insert into JEDA_ROLE_FUNCTION (ROLE_ID, FUNCTION_ID)
values ('Administrator', 'REQ_SYN');
insert into JEDA_ROLE_FUNCTION (ROLE_ID, FUNCTION_ID)
values ('Administrator', 'SERVER_SYN');
insert into JEDA_ROLE_FUNCTION (ROLE_ID, FUNCTION_ID)
values ('Administrator', 'SYSTEM_AGENT_CHECK');
insert into JEDA_ROLE_FUNCTION (ROLE_ID, FUNCTION_ID)
values ('Administrator', 'SYSTEM_AOP_FLAG');
insert into JEDA_ROLE_FUNCTION (ROLE_ID, FUNCTION_ID)
values ('Administrator', 'SYSTEM_APP_SYN');
insert into JEDA_ROLE_FUNCTION (ROLE_ID, FUNCTION_ID)
values ('Administrator', 'SYSTEM_DOWN_LINE');
insert into JEDA_ROLE_FUNCTION (ROLE_ID, FUNCTION_ID)
values ('Administrator', 'SYSTEM_LOG_EXP');
insert into JEDA_ROLE_FUNCTION (ROLE_ID, FUNCTION_ID)
values ('Administrator', 'SYSTEM_SUMP_SYNC');
insert into JEDA_ROLE_FUNCTION (ROLE_ID, FUNCTION_ID)
values ('Administrator', 'TOOL_AUTHORIZE_LEVEL');
insert into JEDA_ROLE_FUNCTION (ROLE_ID, FUNCTION_ID)
values ('Administrator', 'TOOL_CREATE');
insert into JEDA_ROLE_FUNCTION (ROLE_ID, FUNCTION_ID)
values ('Administrator', 'TOOL_DELETE');
insert into JEDA_ROLE_FUNCTION (ROLE_ID, FUNCTION_ID)
values ('Administrator', 'TOOL_EDIT');
insert into JEDA_ROLE_FUNCTION (ROLE_ID, FUNCTION_ID)
values ('Administrator', 'TOOL_EXE');
insert into JEDA_ROLE_FUNCTION (ROLE_ID, FUNCTION_ID)
values ('Administrator', 'TOOL_IGNORED');
insert into JEDA_ROLE_FUNCTION (ROLE_ID, FUNCTION_ID)
values ('Administrator', 'USER_SYNC');
insert into JEDA_ROLE_FUNCTION (ROLE_ID, FUNCTION_ID)
values ('Administrator', 'USER_SYSTEM');
insert into JEDA_ROLE_FUNCTION (ROLE_ID, FUNCTION_ID)
values ('DevAppAdmin', 'CHECK_CREATE');
insert into JEDA_ROLE_FUNCTION (ROLE_ID, FUNCTION_ID)
values ('DevAppAdmin', 'CHECK_DELETE');
insert into JEDA_ROLE_FUNCTION (ROLE_ID, FUNCTION_ID)
values ('DevAppAdmin', 'CHECK_EDIT');
insert into JEDA_ROLE_FUNCTION (ROLE_ID, FUNCTION_ID)
values ('DevAppAdmin', 'CHECK_ERROR_HANDLE');
insert into JEDA_ROLE_FUNCTION (ROLE_ID, FUNCTION_ID)
values ('DevAppAdmin', 'CHECK_EXE');
insert into JEDA_ROLE_FUNCTION (ROLE_ID, FUNCTION_ID)
values ('DevAppAdmin', 'INDEX');
insert into JEDA_ROLE_FUNCTION (ROLE_ID, FUNCTION_ID)
values ('DevAppAdmin', 'TOOL_AUTHORIZE_LEVEL');
insert into JEDA_ROLE_FUNCTION (ROLE_ID, FUNCTION_ID)
values ('DevAppAdmin', 'TOOL_CREATE');
insert into JEDA_ROLE_FUNCTION (ROLE_ID, FUNCTION_ID)
values ('DevAppAdmin', 'TOOL_DELETE');
insert into JEDA_ROLE_FUNCTION (ROLE_ID, FUNCTION_ID)
values ('DevAppAdmin', 'TOOL_EDIT');
insert into JEDA_ROLE_FUNCTION (ROLE_ID, FUNCTION_ID)
values ('DevAppAdmin', 'TOOL_EXE');
insert into JEDA_ROLE_FUNCTION (ROLE_ID, FUNCTION_ID)
values ('DevAppAdmin', 'TOOL_IGNORED');
insert into JEDA_ROLE_FUNCTION (ROLE_ID, FUNCTION_ID)
values ('DevAppAdmin', 'TOOL_KEYWORD');
insert into JEDA_ROLE_FUNCTION (ROLE_ID, FUNCTION_ID)
values ('DevAppDplyUser', 'ENV_CREATE');
insert into JEDA_ROLE_FUNCTION (ROLE_ID, FUNCTION_ID)
values ('DevAppDplyUser', 'ENV_DELETE');
insert into JEDA_ROLE_FUNCTION (ROLE_ID, FUNCTION_ID)
values ('DevAppDplyUser', 'ENV_EDIT');
insert into JEDA_ROLE_FUNCTION (ROLE_ID, FUNCTION_ID)
values ('DevAppDplyUser', 'INDEX');
insert into JEDA_ROLE_FUNCTION (ROLE_ID, FUNCTION_ID)
values ('DevAppDplyUser', 'RELEASE_BRPM_SYNC');
insert into JEDA_ROLE_FUNCTION (ROLE_ID, FUNCTION_ID)
values ('DevAppDplyUser', 'RELEASE_BSA_SYNC');
insert into JEDA_ROLE_FUNCTION (ROLE_ID, FUNCTION_ID)
values ('DevAppDplyUser', 'RELEASE_CREATE');
insert into JEDA_ROLE_FUNCTION (ROLE_ID, FUNCTION_ID)
values ('DevAppDplyUser', 'RELEASE_DELETE');
insert into JEDA_ROLE_FUNCTION (ROLE_ID, FUNCTION_ID)
values ('DevAppDplyUser', 'RELEASE_EDIT');
insert into JEDA_ROLE_FUNCTION (ROLE_ID, FUNCTION_ID)
values ('DevAppDplyUser', 'REQ_EXE');
insert into JEDA_ROLE_FUNCTION (ROLE_ID, FUNCTION_ID)
values ('DevAppDplyUser', 'REQ_SCDL');
insert into JEDA_ROLE_FUNCTION (ROLE_ID, FUNCTION_ID)
values ('DevAppDplyUser', 'REQ_SYN');
insert into JEDA_ROLE_FUNCTION (ROLE_ID, FUNCTION_ID)
values ('DevAppDplyUser', 'SYSTEM_LOG_EXP');
insert into JEDA_ROLE_FUNCTION (ROLE_ID, FUNCTION_ID)
values ('DevPlatformAdmin', 'INDEX');
insert into JEDA_ROLE_FUNCTION (ROLE_ID, FUNCTION_ID)
values ('DevPlatformAdmin', 'ORG_CREATE');
insert into JEDA_ROLE_FUNCTION (ROLE_ID, FUNCTION_ID)
values ('DevPlatformAdmin', 'ORG_DELETE');
insert into JEDA_ROLE_FUNCTION (ROLE_ID, FUNCTION_ID)
values ('DevPlatformAdmin', 'ORG_DISABLE');
insert into JEDA_ROLE_FUNCTION (ROLE_ID, FUNCTION_ID)
values ('DevPlatformAdmin', 'ORG_EDIT');
insert into JEDA_ROLE_FUNCTION (ROLE_ID, FUNCTION_ID)
values ('DevPlatformAdmin', 'ORG_ENABLE');
insert into JEDA_ROLE_FUNCTION (ROLE_ID, FUNCTION_ID)
values ('DevPlatformAdmin', 'ORG_LIST');
commit;

insert into JEDA_ROLE_FUNCTION (ROLE_ID, FUNCTION_ID)
values ('DevPlatformAdmin', 'OSUSER_CREATE');
insert into JEDA_ROLE_FUNCTION (ROLE_ID, FUNCTION_ID)
values ('DevPlatformAdmin', 'OSUSER_DELETE');
insert into JEDA_ROLE_FUNCTION (ROLE_ID, FUNCTION_ID)
values ('DevPlatformAdmin', 'SERVER_SYN');
insert into JEDA_ROLE_FUNCTION (ROLE_ID, FUNCTION_ID)
values ('DevPlatformAdmin', 'SYSTEM_AGENT_CHECK');
insert into JEDA_ROLE_FUNCTION (ROLE_ID, FUNCTION_ID)
values ('DevPlatformAdmin', 'SYSTEM_AOP_FLAG');
insert into JEDA_ROLE_FUNCTION (ROLE_ID, FUNCTION_ID)
values ('DevPlatformAdmin', 'SYSTEM_APP_SYN');
insert into JEDA_ROLE_FUNCTION (ROLE_ID, FUNCTION_ID)
values ('DevPlatformAdmin', 'SYSTEM_DOWN_LINE');
insert into JEDA_ROLE_FUNCTION (ROLE_ID, FUNCTION_ID)
values ('DevPlatformAdmin', 'SYSTEM_LOG_EXP');
insert into JEDA_ROLE_FUNCTION (ROLE_ID, FUNCTION_ID)
values ('DevPlatformAdmin', 'SYSTEM_SUMP_SYNC');
insert into JEDA_ROLE_FUNCTION (ROLE_ID, FUNCTION_ID)
values ('DevPlatformAdmin', 'USER_CREATE');
insert into JEDA_ROLE_FUNCTION (ROLE_ID, FUNCTION_ID)
values ('DevPlatformAdmin', 'USER_DELETE');
insert into JEDA_ROLE_FUNCTION (ROLE_ID, FUNCTION_ID)
values ('DevPlatformAdmin', 'USER_DISABLE');
insert into JEDA_ROLE_FUNCTION (ROLE_ID, FUNCTION_ID)
values ('DevPlatformAdmin', 'USER_EDIT');
insert into JEDA_ROLE_FUNCTION (ROLE_ID, FUNCTION_ID)
values ('DevPlatformAdmin', 'USER_ENABLE');
insert into JEDA_ROLE_FUNCTION (ROLE_ID, FUNCTION_ID)
values ('DevPlatformAdmin', 'USER_LIST');
insert into JEDA_ROLE_FUNCTION (ROLE_ID, FUNCTION_ID)
values ('DevPlatformAdmin', 'USER_ROLE');
insert into JEDA_ROLE_FUNCTION (ROLE_ID, FUNCTION_ID)
values ('DevPlatformAdmin', 'USER_SYNC');
insert into JEDA_ROLE_FUNCTION (ROLE_ID, FUNCTION_ID)
values ('DevPlatformAdmin', 'USER_SYSTEM');
commit;

insert into JEDA_ROLE_FUNCTION (ROLE_ID, FUNCTION_ID)
values ('DevSysAdmin', 'CHECK_CREATE');
insert into JEDA_ROLE_FUNCTION (ROLE_ID, FUNCTION_ID)
values ('DevSysAdmin', 'CHECK_DELETE');
insert into JEDA_ROLE_FUNCTION (ROLE_ID, FUNCTION_ID)
values ('DevSysAdmin', 'CHECK_EDIT');
insert into JEDA_ROLE_FUNCTION (ROLE_ID, FUNCTION_ID)
values ('DevSysAdmin', 'CHECK_ERROR_HANDLE');
insert into JEDA_ROLE_FUNCTION (ROLE_ID, FUNCTION_ID)
values ('DevSysAdmin', 'CHECK_EXE');
insert into JEDA_ROLE_FUNCTION (ROLE_ID, FUNCTION_ID)
values ('DevSysAdmin', 'INDEX');
insert into JEDA_ROLE_FUNCTION (ROLE_ID, FUNCTION_ID)
values ('DevSysAdmin', 'TOOL_AUTHORIZE_LEVEL');
insert into JEDA_ROLE_FUNCTION (ROLE_ID, FUNCTION_ID)
values ('DevSysAdmin', 'TOOL_CREATE');
insert into JEDA_ROLE_FUNCTION (ROLE_ID, FUNCTION_ID)
values ('DevSysAdmin', 'TOOL_DELETE');
insert into JEDA_ROLE_FUNCTION (ROLE_ID, FUNCTION_ID)
values ('DevSysAdmin', 'TOOL_EDIT');
insert into JEDA_ROLE_FUNCTION (ROLE_ID, FUNCTION_ID)
values ('DevSysAdmin', 'TOOL_EXE');
insert into JEDA_ROLE_FUNCTION (ROLE_ID, FUNCTION_ID)
values ('DevSysAdmin', 'TOOL_IGNORED');
insert into JEDA_ROLE_FUNCTION (ROLE_ID, FUNCTION_ID)
values ('DevSysAdmin', 'TOOL_KEYWORD');
insert into JEDA_ROLE_FUNCTION (ROLE_ID, FUNCTION_ID)
values ('DevAppUserOne', 'INDEX');
insert into JEDA_ROLE_FUNCTION (ROLE_ID, FUNCTION_ID)
values ('DevAppUserOne', 'TOOL_EXE');
insert into JEDA_ROLE_FUNCTION (ROLE_ID, FUNCTION_ID)
values ('DevAppUserOne', 'TOOL_IGNORED');
commit;

values ('ProdAppAdmin', 'CHECK_CREATE');
insert into JEDA_ROLE_FUNCTION (ROLE_ID, FUNCTION_ID)
values ('ProdAppAdmin', 'CHECK_DELETE');
insert into JEDA_ROLE_FUNCTION (ROLE_ID, FUNCTION_ID)
values ('ProdAppAdmin', 'CHECK_EDIT');
insert into JEDA_ROLE_FUNCTION (ROLE_ID, FUNCTION_ID)
values ('ProdAppAdmin', 'CHECK_ERROR_HANDLE');
insert into JEDA_ROLE_FUNCTION (ROLE_ID, FUNCTION_ID)
values ('ProdAppAdmin', 'CHECK_EXE');
insert into JEDA_ROLE_FUNCTION (ROLE_ID, FUNCTION_ID)
values ('ProdAppAdmin', 'ENV_CREATE');
insert into JEDA_ROLE_FUNCTION (ROLE_ID, FUNCTION_ID)
values ('ProdAppAdmin', 'ENV_DELETE');
insert into JEDA_ROLE_FUNCTION (ROLE_ID, FUNCTION_ID)
values ('ProdAppAdmin', 'ENV_EDIT');
insert into JEDA_ROLE_FUNCTION (ROLE_ID, FUNCTION_ID)
values ('ProdAppAdmin', 'INDEX');
insert into JEDA_ROLE_FUNCTION (ROLE_ID, FUNCTION_ID)
values ('ProdAppAdmin', 'RELEASE_BRPM_SYNC');
insert into JEDA_ROLE_FUNCTION (ROLE_ID, FUNCTION_ID)
values ('ProdAppAdmin', 'RELEASE_BSA_SYNC');
insert into JEDA_ROLE_FUNCTION (ROLE_ID, FUNCTION_ID)
values ('ProdAppAdmin', 'RELEASE_CREATE');
insert into JEDA_ROLE_FUNCTION (ROLE_ID, FUNCTION_ID)
values ('ProdAppAdmin', 'RELEASE_DELETE');
insert into JEDA_ROLE_FUNCTION (ROLE_ID, FUNCTION_ID)
values ('ProdAppAdmin', 'RELEASE_EDIT');
insert into JEDA_ROLE_FUNCTION (ROLE_ID, FUNCTION_ID)
values ('ProdAppAdmin', 'REQ_EXE');
insert into JEDA_ROLE_FUNCTION (ROLE_ID, FUNCTION_ID)
values ('ProdAppAdmin', 'REQ_SCDL');
insert into JEDA_ROLE_FUNCTION (ROLE_ID, FUNCTION_ID)
values ('ProdAppAdmin', 'SYSTEM_LOG_EXP');
insert into JEDA_ROLE_FUNCTION (ROLE_ID, FUNCTION_ID)
values ('ProdAppAdmin', 'TOOL_AUTHORIZE_LEVEL');
insert into JEDA_ROLE_FUNCTION (ROLE_ID, FUNCTION_ID)
values ('ProdAppAdmin', 'TOOL_CREATE');
insert into JEDA_ROLE_FUNCTION (ROLE_ID, FUNCTION_ID)
values ('ProdAppAdmin', 'TOOL_DELETE');
insert into JEDA_ROLE_FUNCTION (ROLE_ID, FUNCTION_ID)
values ('ProdAppAdmin', 'TOOL_EDIT');
insert into JEDA_ROLE_FUNCTION (ROLE_ID, FUNCTION_ID)
values ('ProdAppAdmin', 'TOOL_EXE');
insert into JEDA_ROLE_FUNCTION (ROLE_ID, FUNCTION_ID)
values ('ProdAppAdmin', 'TOOL_IGNORED');
insert into JEDA_ROLE_FUNCTION (ROLE_ID, FUNCTION_ID)
values ('ProdAppAdmin', 'TOOL_KEYWORD');
insert into JEDA_ROLE_FUNCTION (ROLE_ID, FUNCTION_ID)
values ('ProdAppChangeManager', 'INDEX');
insert into JEDA_ROLE_FUNCTION (ROLE_ID, FUNCTION_ID)
values ('ProdAppTeamLeader', 'INDEX');
insert into JEDA_ROLE_FUNCTION (ROLE_ID, FUNCTION_ID)
values ('ProdOpeAppUserOne', 'INDEX');
insert into JEDA_ROLE_FUNCTION (ROLE_ID, FUNCTION_ID)
values ('ProdOpeAppUserOne', 'TOOL_EXE');
insert into JEDA_ROLE_FUNCTION (ROLE_ID, FUNCTION_ID)
values ('ProdOpeAppUserOne', 'TOOL_IGNORED');
insert into JEDA_ROLE_FUNCTION (ROLE_ID, FUNCTION_ID)
values ('ProdOpeSysUserOne', 'INDEX');
insert into JEDA_ROLE_FUNCTION (ROLE_ID, FUNCTION_ID)
values ('ProdOpeSysUserOne', 'TOOL_EXE');
insert into JEDA_ROLE_FUNCTION (ROLE_ID, FUNCTION_ID)
values ('ProdOpeSysUserOne', 'TOOL_IGNORED');
insert into JEDA_ROLE_FUNCTION (ROLE_ID, FUNCTION_ID)
values ('ProdOpeTeamLeader', 'INDEX');
insert into JEDA_ROLE_FUNCTION (ROLE_ID, FUNCTION_ID)
values ('ProdPlatformAdmin', 'INDEX');
insert into JEDA_ROLE_FUNCTION (ROLE_ID, FUNCTION_ID)
values ('ProdPlatformAdmin', 'ORG_CREATE');
insert into JEDA_ROLE_FUNCTION (ROLE_ID, FUNCTION_ID)
values ('ProdPlatformAdmin', 'ORG_DELETE');
insert into JEDA_ROLE_FUNCTION (ROLE_ID, FUNCTION_ID)
values ('ProdPlatformAdmin', 'ORG_DISABLE');
insert into JEDA_ROLE_FUNCTION (ROLE_ID, FUNCTION_ID)
values ('ProdPlatformAdmin', 'ORG_EDIT');
insert into JEDA_ROLE_FUNCTION (ROLE_ID, FUNCTION_ID)
values ('ProdPlatformAdmin', 'ORG_ENABLE');
insert into JEDA_ROLE_FUNCTION (ROLE_ID, FUNCTION_ID)
values ('ProdPlatformAdmin', 'ORG_LIST');
insert into JEDA_ROLE_FUNCTION (ROLE_ID, FUNCTION_ID)
values ('ProdPlatformAdmin', 'OSUSER_CREATE');
insert into JEDA_ROLE_FUNCTION (ROLE_ID, FUNCTION_ID)
values ('ProdPlatformAdmin', 'OSUSER_DELETE');
insert into JEDA_ROLE_FUNCTION (ROLE_ID, FUNCTION_ID)
values ('ProdPlatformAdmin', 'SERVER_SYN');
insert into JEDA_ROLE_FUNCTION (ROLE_ID, FUNCTION_ID)
values ('ProdPlatformAdmin', 'SYSTEM_AGENT_CHECK');
insert into JEDA_ROLE_FUNCTION (ROLE_ID, FUNCTION_ID)
values ('ProdPlatformAdmin', 'SYSTEM_AOP_FLAG');
insert into JEDA_ROLE_FUNCTION (ROLE_ID, FUNCTION_ID)
values ('ProdPlatformAdmin', 'SYSTEM_APP_SYN');
insert into JEDA_ROLE_FUNCTION (ROLE_ID, FUNCTION_ID)
values ('ProdPlatformAdmin', 'SYSTEM_DOWN_LINE');
insert into JEDA_ROLE_FUNCTION (ROLE_ID, FUNCTION_ID)
values ('ProdPlatformAdmin', 'SYSTEM_LOG_EXP');
insert into JEDA_ROLE_FUNCTION (ROLE_ID, FUNCTION_ID)
values ('ProdPlatformAdmin', 'SYSTEM_SUMP_SYNC');
insert into JEDA_ROLE_FUNCTION (ROLE_ID, FUNCTION_ID)
values ('ProdPlatformAdmin', 'USER_CREATE');
insert into JEDA_ROLE_FUNCTION (ROLE_ID, FUNCTION_ID)
values ('ProdPlatformAdmin', 'USER_DELETE');
insert into JEDA_ROLE_FUNCTION (ROLE_ID, FUNCTION_ID)
values ('ProdPlatformAdmin', 'USER_DISABLE');
insert into JEDA_ROLE_FUNCTION (ROLE_ID, FUNCTION_ID)
values ('ProdPlatformAdmin', 'USER_EDIT');
insert into JEDA_ROLE_FUNCTION (ROLE_ID, FUNCTION_ID)
values ('ProdPlatformAdmin', 'USER_ENABLE');
insert into JEDA_ROLE_FUNCTION (ROLE_ID, FUNCTION_ID)
values ('ProdPlatformAdmin', 'USER_LIST');
insert into JEDA_ROLE_FUNCTION (ROLE_ID, FUNCTION_ID)
values ('ProdPlatformAdmin', 'USER_ROLE');
insert into JEDA_ROLE_FUNCTION (ROLE_ID, FUNCTION_ID)
values ('ProdPlatformAdmin', 'USER_SYNC');
insert into JEDA_ROLE_FUNCTION (ROLE_ID, FUNCTION_ID)
values ('ProdPlatformAdmin', 'USER_SYSTEM');
commit;

insert into JEDA_ROLE_FUNCTION (ROLE_ID, FUNCTION_ID)
values ('ProdSysAdmin', 'CHECK_CREATE');
insert into JEDA_ROLE_FUNCTION (ROLE_ID, FUNCTION_ID)
values ('ProdSysAdmin', 'CHECK_DELETE');
insert into JEDA_ROLE_FUNCTION (ROLE_ID, FUNCTION_ID)
values ('ProdSysAdmin', 'CHECK_EDIT');
insert into JEDA_ROLE_FUNCTION (ROLE_ID, FUNCTION_ID)
values ('ProdSysAdmin', 'CHECK_ERROR_HANDLE');
insert into JEDA_ROLE_FUNCTION (ROLE_ID, FUNCTION_ID)
values ('ProdSysAdmin', 'CHECK_EXE');
insert into JEDA_ROLE_FUNCTION (ROLE_ID, FUNCTION_ID)
values ('ProdSysAdmin', 'INDEX');
insert into JEDA_ROLE_FUNCTION (ROLE_ID, FUNCTION_ID)
values ('ProdSysAdmin', 'TOOL_AUTHORIZE_LEVEL');
insert into JEDA_ROLE_FUNCTION (ROLE_ID, FUNCTION_ID)
values ('ProdSysAdmin', 'TOOL_CREATE');
insert into JEDA_ROLE_FUNCTION (ROLE_ID, FUNCTION_ID)
values ('ProdSysAdmin', 'TOOL_DELETE');
insert into JEDA_ROLE_FUNCTION (ROLE_ID, FUNCTION_ID)
values ('ProdSysAdmin', 'TOOL_EDIT');
insert into JEDA_ROLE_FUNCTION (ROLE_ID, FUNCTION_ID)
values ('ProdSysAdmin', 'TOOL_EXE');
insert into JEDA_ROLE_FUNCTION (ROLE_ID, FUNCTION_ID)
values ('ProdSysAdmin', 'TOOL_IGNORED');
insert into JEDA_ROLE_FUNCTION (ROLE_ID, FUNCTION_ID)
values ('ProdSysAdmin', 'TOOL_KEYWORD');
insert into JEDA_ROLE_FUNCTION (ROLE_ID, FUNCTION_ID)
values ('ProdSysChangeManager', 'INDEX');
insert into JEDA_ROLE_FUNCTION (ROLE_ID, FUNCTION_ID)
values ('ProdSysDBAdmin', 'INDEX');
insert into JEDA_ROLE_FUNCTION (ROLE_ID, FUNCTION_ID)
values ('ProdSysMWAdmin', 'INDEX');
insert into JEDA_ROLE_FUNCTION (ROLE_ID, FUNCTION_ID)
values ('ProdSysTeamLeader', 'INDEX');
insert into JEDA_ROLE_FUNCTION (ROLE_ID, FUNCTION_ID)
values ('QaAppAdmin', 'CHECK_CREATE');
insert into JEDA_ROLE_FUNCTION (ROLE_ID, FUNCTION_ID)
values ('QaAppAdmin', 'CHECK_DELETE');
insert into JEDA_ROLE_FUNCTION (ROLE_ID, FUNCTION_ID)
values ('QaAppAdmin', 'CHECK_EDIT');
insert into JEDA_ROLE_FUNCTION (ROLE_ID, FUNCTION_ID)
values ('QaAppAdmin', 'CHECK_ERROR_HANDLE');
insert into JEDA_ROLE_FUNCTION (ROLE_ID, FUNCTION_ID)
values ('QaAppAdmin', 'CHECK_EXE');
insert into JEDA_ROLE_FUNCTION (ROLE_ID, FUNCTION_ID)
values ('QaAppAdmin', 'INDEX');
insert into JEDA_ROLE_FUNCTION (ROLE_ID, FUNCTION_ID)
values ('QaAppAdmin', 'TOOL_AUTHORIZE_LEVEL');
insert into JEDA_ROLE_FUNCTION (ROLE_ID, FUNCTION_ID)
values ('QaAppAdmin', 'TOOL_CREATE');
insert into JEDA_ROLE_FUNCTION (ROLE_ID, FUNCTION_ID)
values ('QaAppAdmin', 'TOOL_DELETE');
insert into JEDA_ROLE_FUNCTION (ROLE_ID, FUNCTION_ID)
values ('QaAppAdmin', 'TOOL_EDIT');
insert into JEDA_ROLE_FUNCTION (ROLE_ID, FUNCTION_ID)
values ('QaAppAdmin', 'TOOL_EXE');
insert into JEDA_ROLE_FUNCTION (ROLE_ID, FUNCTION_ID)
values ('QaAppAdmin', 'TOOL_IGNORED');
insert into JEDA_ROLE_FUNCTION (ROLE_ID, FUNCTION_ID)
values ('QaAppAdmin', 'TOOL_KEYWORD');
insert into JEDA_ROLE_FUNCTION (ROLE_ID, FUNCTION_ID)
values ('QaPlatformAdmin', 'INDEX');
insert into JEDA_ROLE_FUNCTION (ROLE_ID, FUNCTION_ID)
values ('QaPlatformAdmin', 'ORG_CREATE');
insert into JEDA_ROLE_FUNCTION (ROLE_ID, FUNCTION_ID)
values ('QaPlatformAdmin', 'ORG_DELETE');
insert into JEDA_ROLE_FUNCTION (ROLE_ID, FUNCTION_ID)
values ('QaPlatformAdmin', 'ORG_DISABLE');
insert into JEDA_ROLE_FUNCTION (ROLE_ID, FUNCTION_ID)
values ('QaPlatformAdmin', 'ORG_EDIT');
insert into JEDA_ROLE_FUNCTION (ROLE_ID, FUNCTION_ID)
values ('QaPlatformAdmin', 'ORG_ENABLE');
insert into JEDA_ROLE_FUNCTION (ROLE_ID, FUNCTION_ID)
values ('QaPlatformAdmin', 'ORG_LIST');
commit;

insert into JEDA_ROLE_FUNCTION (ROLE_ID, FUNCTION_ID)
values ('QaPlatformAdmin', 'OSUSER_CREATE');
insert into JEDA_ROLE_FUNCTION (ROLE_ID, FUNCTION_ID)
values ('QaPlatformAdmin', 'OSUSER_DELETE');
insert into JEDA_ROLE_FUNCTION (ROLE_ID, FUNCTION_ID)
values ('QaPlatformAdmin', 'SERVER_SYN');
insert into JEDA_ROLE_FUNCTION (ROLE_ID, FUNCTION_ID)
values ('QaPlatformAdmin', 'SYSTEM_AGENT_CHECK');
insert into JEDA_ROLE_FUNCTION (ROLE_ID, FUNCTION_ID)
values ('QaPlatformAdmin', 'SYSTEM_AOP_FLAG');
insert into JEDA_ROLE_FUNCTION (ROLE_ID, FUNCTION_ID)
values ('QaPlatformAdmin', 'SYSTEM_APP_SYN');
insert into JEDA_ROLE_FUNCTION (ROLE_ID, FUNCTION_ID)
values ('QaPlatformAdmin', 'SYSTEM_DOWN_LINE');
insert into JEDA_ROLE_FUNCTION (ROLE_ID, FUNCTION_ID)
values ('QaPlatformAdmin', 'SYSTEM_LOG_EXP');
insert into JEDA_ROLE_FUNCTION (ROLE_ID, FUNCTION_ID)
values ('QaPlatformAdmin', 'SYSTEM_SUMP_SYNC');
insert into JEDA_ROLE_FUNCTION (ROLE_ID, FUNCTION_ID)
values ('QaPlatformAdmin', 'USER_CREATE');
insert into JEDA_ROLE_FUNCTION (ROLE_ID, FUNCTION_ID)
values ('QaPlatformAdmin', 'USER_DELETE');
insert into JEDA_ROLE_FUNCTION (ROLE_ID, FUNCTION_ID)
values ('QaPlatformAdmin', 'USER_DISABLE');
insert into JEDA_ROLE_FUNCTION (ROLE_ID, FUNCTION_ID)
values ('QaPlatformAdmin', 'USER_EDIT');
insert into JEDA_ROLE_FUNCTION (ROLE_ID, FUNCTION_ID)
values ('QaPlatformAdmin', 'USER_ENABLE');
insert into JEDA_ROLE_FUNCTION (ROLE_ID, FUNCTION_ID)
values ('QaPlatformAdmin', 'USER_LIST');
insert into JEDA_ROLE_FUNCTION (ROLE_ID, FUNCTION_ID)
values ('QaPlatformAdmin', 'USER_ROLE');
insert into JEDA_ROLE_FUNCTION (ROLE_ID, FUNCTION_ID)
values ('QaPlatformAdmin', 'USER_SYNC');
insert into JEDA_ROLE_FUNCTION (ROLE_ID, FUNCTION_ID)
values ('QaPlatformAdmin', 'USER_SYSTEM');
commit;

insert into JEDA_ROLE_FUNCTION (ROLE_ID, FUNCTION_ID)
values ('QaSysAdmin', 'CHECK_CREATE');
insert into JEDA_ROLE_FUNCTION (ROLE_ID, FUNCTION_ID)
values ('QaSysAdmin', 'CHECK_DELETE');
insert into JEDA_ROLE_FUNCTION (ROLE_ID, FUNCTION_ID)
values ('QaSysAdmin', 'CHECK_EDIT');
insert into JEDA_ROLE_FUNCTION (ROLE_ID, FUNCTION_ID)
values ('QaSysAdmin', 'CHECK_ERROR_HANDLE');
insert into JEDA_ROLE_FUNCTION (ROLE_ID, FUNCTION_ID)
values ('QaSysAdmin', 'CHECK_EXE');
insert into JEDA_ROLE_FUNCTION (ROLE_ID, FUNCTION_ID)
values ('QaSysAdmin', 'INDEX');
insert into JEDA_ROLE_FUNCTION (ROLE_ID, FUNCTION_ID)
values ('QaSysAdmin', 'TOOL_AUTHORIZE_LEVEL');
insert into JEDA_ROLE_FUNCTION (ROLE_ID, FUNCTION_ID)
values ('QaSysAdmin', 'TOOL_CREATE');
insert into JEDA_ROLE_FUNCTION (ROLE_ID, FUNCTION_ID)
values ('QaSysAdmin', 'TOOL_DELETE');
insert into JEDA_ROLE_FUNCTION (ROLE_ID, FUNCTION_ID)
values ('QaSysAdmin', 'TOOL_EDIT');
insert into JEDA_ROLE_FUNCTION (ROLE_ID, FUNCTION_ID)
values ('QaSysAdmin', 'TOOL_EXE');
insert into JEDA_ROLE_FUNCTION (ROLE_ID, FUNCTION_ID)
values ('QaSysAdmin', 'TOOL_IGNORED');
insert into JEDA_ROLE_FUNCTION (ROLE_ID, FUNCTION_ID)
values ('QaSysAdmin', 'TOOL_KEYWORD');
commit;

insert into JEDA_ROLE_FUNCTION (ROLE_ID, FUNCTION_ID)
values ('QaTestUser', 'ENV_CREATE');
insert into JEDA_ROLE_FUNCTION (ROLE_ID, FUNCTION_ID)
values ('QaTestUser', 'ENV_DELETE');
insert into JEDA_ROLE_FUNCTION (ROLE_ID, FUNCTION_ID)
values ('QaTestUser', 'ENV_EDIT');
insert into JEDA_ROLE_FUNCTION (ROLE_ID, FUNCTION_ID)
values ('QaTestUser', 'INDEX');
insert into JEDA_ROLE_FUNCTION (ROLE_ID, FUNCTION_ID)
values ('QaTestUser', 'RELEASE_BRPM_SYNC');
insert into JEDA_ROLE_FUNCTION (ROLE_ID, FUNCTION_ID)
values ('QaTestUser', 'RELEASE_BSA_SYNC');
insert into JEDA_ROLE_FUNCTION (ROLE_ID, FUNCTION_ID)
values ('QaTestUser', 'RELEASE_EDIT');
insert into JEDA_ROLE_FUNCTION (ROLE_ID, FUNCTION_ID)
values ('QaTestUser', 'REQ_EXE');
insert into JEDA_ROLE_FUNCTION (ROLE_ID, FUNCTION_ID)
values ('QaTestUser', 'REQ_SCDL');
insert into JEDA_ROLE_FUNCTION (ROLE_ID, FUNCTION_ID)
values ('QaTestUser', 'SYSTEM_LOG_EXP');
insert into JEDA_ROLE_FUNCTION (ROLE_ID, FUNCTION_ID)
values ('QaAppUserOne', 'INDEX');
insert into JEDA_ROLE_FUNCTION (ROLE_ID, FUNCTION_ID)
values ('QaAppUserOne', 'TOOL_EXE');
insert into JEDA_ROLE_FUNCTION (ROLE_ID, FUNCTION_ID)
values ('QaAppUserOne', 'TOOL_IGNORED');
commit;

insert into JEDA_ROLE_MENU (ROLE_ID, MENU_ID)
values ('Administrator', 'ALARM_IGNORED');
insert into JEDA_ROLE_MENU (ROLE_ID, MENU_ID)
values ('Administrator', 'ALARM_INFORMATION');
insert into JEDA_ROLE_MENU (ROLE_ID, MENU_ID)
values ('Administrator', 'ALARM_TREATED');
insert into JEDA_ROLE_MENU (ROLE_ID, MENU_ID)
values ('Administrator', 'ALARM_UNTREATED');
insert into JEDA_ROLE_MENU (ROLE_ID, MENU_ID)
values ('Administrator', 'CHECK_CONFIG_EXPORT');
insert into JEDA_ROLE_MENU (ROLE_ID, MENU_ID)
values ('Administrator', 'CHECK_CONFIG_IMPORT');
insert into JEDA_ROLE_MENU (ROLE_ID, MENU_ID)
values ('Administrator', 'CHECK_CONFIG_MOVE');
insert into JEDA_ROLE_MENU (ROLE_ID, MENU_ID)
values ('Administrator', 'CHECK_ERROR_INDEX');
insert into JEDA_ROLE_MENU (ROLE_ID, MENU_ID)
values ('Administrator', 'CONFIG_MSG_EXPORT');
insert into JEDA_ROLE_MENU (ROLE_ID, MENU_ID)
values ('Administrator', 'CONFIG_MSG_IMPORT');
insert into JEDA_ROLE_MENU (ROLE_ID, MENU_ID)
values ('Administrator', 'CmnEnvironment');
insert into JEDA_ROLE_MENU (ROLE_ID, MENU_ID)
values ('Administrator', 'DAYCHECK');
insert into JEDA_ROLE_MENU (ROLE_ID, MENU_ID)
values ('Administrator', 'DPLYMANAGER');
insert into JEDA_ROLE_MENU (ROLE_ID, MENU_ID)
values ('Administrator', 'DplyExcuteStatus');
insert into JEDA_ROLE_MENU (ROLE_ID, MENU_ID)
values ('Administrator', 'DplyGroup');
insert into JEDA_ROLE_MENU (ROLE_ID, MENU_ID)
values ('Administrator', 'DplyNshJob');
insert into JEDA_ROLE_MENU (ROLE_ID, MENU_ID)
values ('Administrator', 'DplyRequestAuthorizeIndex');
insert into JEDA_ROLE_MENU (ROLE_ID, MENU_ID)
values ('ProdAppChangeManager', 'DplyRequestAuthorizeIndex');
insert into JEDA_ROLE_MENU (ROLE_ID, MENU_ID)
values ('QaTestUser', 'DplyRequestAuthorizeIndex');
insert into JEDA_ROLE_MENU (ROLE_ID, MENU_ID)
values ('DevAppDplyUser', 'DplyRequestAuthorizeIndex');
insert into JEDA_ROLE_MENU (ROLE_ID, MENU_ID)
values ('Administrator', 'DplyRequestInfoIndex');
insert into JEDA_ROLE_MENU (ROLE_ID, MENU_ID)
values ('Administrator', 'DplySystemLog');
insert into JEDA_ROLE_MENU (ROLE_ID, MENU_ID)
values ('Administrator', 'JOB_CREATE');
insert into JEDA_ROLE_MENU (ROLE_ID, MENU_ID)
values ('Administrator', 'JOB_DESIGN_INDEX');
insert into JEDA_ROLE_MENU (ROLE_ID, MENU_ID)
values ('Administrator', 'JOB_EXCUTE_INDEX');
insert into JEDA_ROLE_MENU (ROLE_ID, MENU_ID)
values ('Administrator', 'MarOsUser');
insert into JEDA_ROLE_MENU (ROLE_ID, MENU_ID)
values ('Administrator', 'MarServersSynchronous');
insert into JEDA_ROLE_MENU (ROLE_ID, MENU_ID)
values ('Administrator', 'MgrAppSystemInfoIndex');
insert into JEDA_ROLE_MENU (ROLE_ID, MENU_ID)
values ('Administrator', 'RELEASE_FLOW_MOVE');
insert into JEDA_ROLE_MENU (ROLE_ID, MENU_ID)
values ('Administrator', 'RELEASE_PROCESS_MANAGER');
insert into JEDA_ROLE_MENU (ROLE_ID, MENU_ID)
values ('Administrator', 'REQUEST_PARAM_LIST');
insert into JEDA_ROLE_MENU (ROLE_ID, MENU_ID)
values ('Administrator', 'REQ_SCHEDULE');
insert into JEDA_ROLE_MENU (ROLE_ID, MENU_ID)
values ('Administrator', 'SCHEDULE_VIEW');
insert into JEDA_ROLE_MENU (ROLE_ID, MENU_ID)
values ('Administrator', 'STEP_SCHEDULE');
insert into JEDA_ROLE_MENU (ROLE_ID, MENU_ID)
values ('Administrator', 'SYS_MANAGE');
insert into JEDA_ROLE_MENU (ROLE_ID, MENU_ID)
values ('Administrator', 'TOOLBOXEXPIMP');
insert into JEDA_ROLE_MENU (ROLE_ID, MENU_ID)
values ('Administrator', 'TOOLBOX_EXCINDEX');
insert into JEDA_ROLE_MENU (ROLE_ID, MENU_ID)
values ('Administrator', 'TOOLBOX_EXPORT');
insert into JEDA_ROLE_MENU (ROLE_ID, MENU_ID)
values ('Administrator', 'TOOLBOX_IMPORT');
insert into JEDA_ROLE_MENU (ROLE_ID, MENU_ID)
values ('Administrator', 'TOOLBOX_INDEX');
insert into JEDA_ROLE_MENU (ROLE_ID, MENU_ID)
values ('Administrator', 'TOOL_BOX');
insert into JEDA_ROLE_MENU (ROLE_ID, MENU_ID)
values ('DevAppAdmin', 'ALARM_IGNORED');
insert into JEDA_ROLE_MENU (ROLE_ID, MENU_ID)
values ('DevAppAdmin', 'ALARM_INFORMATION');
insert into JEDA_ROLE_MENU (ROLE_ID, MENU_ID)
values ('DevAppAdmin', 'ALARM_TREATED');
insert into JEDA_ROLE_MENU (ROLE_ID, MENU_ID)
values ('DevAppAdmin', 'ALARM_UNTREATED');
insert into JEDA_ROLE_MENU (ROLE_ID, MENU_ID)
values ('DevAppAdmin', 'CHECK_CONFIG_EXPORT');
insert into JEDA_ROLE_MENU (ROLE_ID, MENU_ID)
values ('DevAppAdmin', 'CHECK_CONFIG_MOVE');
insert into JEDA_ROLE_MENU (ROLE_ID, MENU_ID)
values ('DevAppAdmin', 'CHECK_ERROR_INDEX');
insert into JEDA_ROLE_MENU (ROLE_ID, MENU_ID)
values ('DevAppAdmin', 'DAYCHECK');
insert into JEDA_ROLE_MENU (ROLE_ID, MENU_ID)
values ('DevAppAdmin', 'JOB_DESIGN_INDEX');
insert into JEDA_ROLE_MENU (ROLE_ID, MENU_ID)
values ('DevAppAdmin', 'JOB_EXCUTE_INDEX');
insert into JEDA_ROLE_MENU (ROLE_ID, MENU_ID)
values ('DevAppAdmin', 'TOOLBOXEXPIMP');
insert into JEDA_ROLE_MENU (ROLE_ID, MENU_ID)
values ('DevAppAdmin', 'TOOLBOX_EXCINDEX');
insert into JEDA_ROLE_MENU (ROLE_ID, MENU_ID)
values ('DevAppAdmin', 'TOOLBOX_EXPORT');
insert into JEDA_ROLE_MENU (ROLE_ID, MENU_ID)
values ('DevAppAdmin', 'TOOLBOX_INDEX');
insert into JEDA_ROLE_MENU (ROLE_ID, MENU_ID)
values ('DevAppAdmin', 'TOOL_BOX');
insert into JEDA_ROLE_MENU (ROLE_ID, MENU_ID)
values ('DevAppDplyUser', 'CONFIG_MSG_EXPORT');
insert into JEDA_ROLE_MENU (ROLE_ID, MENU_ID)
values ('DevAppDplyUser', 'CmnEnvironment');
insert into JEDA_ROLE_MENU (ROLE_ID, MENU_ID)
values ('DevAppDplyUser', 'DPLYMANAGER');
insert into JEDA_ROLE_MENU (ROLE_ID, MENU_ID)
values ('DevAppDplyUser', 'DplyExcuteStatus');
insert into JEDA_ROLE_MENU (ROLE_ID, MENU_ID)
values ('DevAppDplyUser', 'DplyGroup');
insert into JEDA_ROLE_MENU (ROLE_ID, MENU_ID)
values ('DevAppDplyUser', 'DplyNshJob');
insert into JEDA_ROLE_MENU (ROLE_ID, MENU_ID)
values ('DevAppDplyUser', 'DplyRequestInfoIndex');
insert into JEDA_ROLE_MENU (ROLE_ID, MENU_ID)
values ('DevAppDplyUser', 'DplySystemLog');
insert into JEDA_ROLE_MENU (ROLE_ID, MENU_ID)
values ('DevAppDplyUser', 'JOB_CREATE');
insert into JEDA_ROLE_MENU (ROLE_ID, MENU_ID)
values ('DevAppDplyUser', 'MarOsUser');
insert into JEDA_ROLE_MENU (ROLE_ID, MENU_ID)
values ('DevAppDplyUser', 'MarServersSynchronous');
insert into JEDA_ROLE_MENU (ROLE_ID, MENU_ID)
values ('DevAppDplyUser', 'MgrAppSystemInfoIndex');
insert into JEDA_ROLE_MENU (ROLE_ID, MENU_ID)
values ('DevAppDplyUser', 'RELEASE_FLOW_MOVE');
insert into JEDA_ROLE_MENU (ROLE_ID, MENU_ID)
values ('DevAppDplyUser', 'RELEASE_PROCESS_MANAGER');
insert into JEDA_ROLE_MENU (ROLE_ID, MENU_ID)
values ('DevAppDplyUser', 'REQUEST_PARAM_LIST');
insert into JEDA_ROLE_MENU (ROLE_ID, MENU_ID)
values ('DevAppDplyUser', 'SYS_MANAGE');
insert into JEDA_ROLE_MENU (ROLE_ID, MENU_ID)
values ('DevPlatformAdmin', 'CONFIG');
insert into JEDA_ROLE_MENU (ROLE_ID, MENU_ID)
values ('DevPlatformAdmin', 'CONSOLE_VIEW');
insert into JEDA_ROLE_MENU (ROLE_ID, MENU_ID)
values ('DevPlatformAdmin', 'CmnEnvironment');
insert into JEDA_ROLE_MENU (ROLE_ID, MENU_ID)
values ('DevPlatformAdmin', 'DplySystemLog');
insert into JEDA_ROLE_MENU (ROLE_ID, MENU_ID)
values ('DevPlatformAdmin', 'FUNCTION_LIST');
insert into JEDA_ROLE_MENU (ROLE_ID, MENU_ID)
values ('DevPlatformAdmin', 'ITEM_LIST');
insert into JEDA_ROLE_MENU (ROLE_ID, MENU_ID)
values ('DevPlatformAdmin', 'MENU_LIST');
insert into JEDA_ROLE_MENU (ROLE_ID, MENU_ID)
values ('DevPlatformAdmin', 'MODULE_LIST');
insert into JEDA_ROLE_MENU (ROLE_ID, MENU_ID)
values ('DevPlatformAdmin', 'MarOsUser');
insert into JEDA_ROLE_MENU (ROLE_ID, MENU_ID)
values ('DevPlatformAdmin', 'MarServersSynchronous');
insert into JEDA_ROLE_MENU (ROLE_ID, MENU_ID)
values ('DevPlatformAdmin', 'MgrAppSystemInfoIndex');
insert into JEDA_ROLE_MENU (ROLE_ID, MENU_ID)
values ('DevPlatformAdmin', 'ORG_LIST');
insert into JEDA_ROLE_MENU (ROLE_ID, MENU_ID)
values ('DevPlatformAdmin', 'PERMISSION_LIST');
insert into JEDA_ROLE_MENU (ROLE_ID, MENU_ID)
values ('DevPlatformAdmin', 'PORTLET_LIST');
insert into JEDA_ROLE_MENU (ROLE_ID, MENU_ID)
values ('DevPlatformAdmin', 'POSITION_LIST');
insert into JEDA_ROLE_MENU (ROLE_ID, MENU_ID)
values ('DevPlatformAdmin', 'PROPERTY_EDIT');
insert into JEDA_ROLE_MENU (ROLE_ID, MENU_ID)
values ('DevPlatformAdmin', 'ROLE_LIST');
insert into JEDA_ROLE_MENU (ROLE_ID, MENU_ID)
values ('DevPlatformAdmin', 'SECURITY');
commit;

insert into JEDA_ROLE_MENU (ROLE_ID, MENU_ID)
values ('DevPlatformAdmin', 'SYS_MANAGE');
insert into JEDA_ROLE_MENU (ROLE_ID, MENU_ID)
values ('DevPlatformAdmin', 'USER_LIST');
insert into JEDA_ROLE_MENU (ROLE_ID, MENU_ID)
values ('DevSysAdmin', 'ALARM_IGNORED');
insert into JEDA_ROLE_MENU (ROLE_ID, MENU_ID)
values ('DevSysAdmin', 'ALARM_INFORMATION');
insert into JEDA_ROLE_MENU (ROLE_ID, MENU_ID)
values ('DevSysAdmin', 'ALARM_TREATED');
insert into JEDA_ROLE_MENU (ROLE_ID, MENU_ID)
values ('DevSysAdmin', 'ALARM_UNTREATED');
insert into JEDA_ROLE_MENU (ROLE_ID, MENU_ID)
values ('DevSysAdmin', 'CHECK_CONFIG_EXPORT');
insert into JEDA_ROLE_MENU (ROLE_ID, MENU_ID)
values ('DevSysAdmin', 'CHECK_CONFIG_MOVE');
insert into JEDA_ROLE_MENU (ROLE_ID, MENU_ID)
values ('DevSysAdmin', 'CHECK_ERROR_INDEX');
insert into JEDA_ROLE_MENU (ROLE_ID, MENU_ID)
values ('DevSysAdmin', 'DAYCHECK');
insert into JEDA_ROLE_MENU (ROLE_ID, MENU_ID)
values ('DevSysAdmin', 'JOB_DESIGN_INDEX');
insert into JEDA_ROLE_MENU (ROLE_ID, MENU_ID)
values ('DevSysAdmin', 'JOB_EXCUTE_INDEX');
insert into JEDA_ROLE_MENU (ROLE_ID, MENU_ID)
values ('DevSysAdmin', 'TOOLBOXEXPIMP');
insert into JEDA_ROLE_MENU (ROLE_ID, MENU_ID)
values ('DevSysAdmin', 'TOOLBOX_EXCINDEX');
insert into JEDA_ROLE_MENU (ROLE_ID, MENU_ID)
values ('DevSysAdmin', 'TOOLBOX_EXPORT');
insert into JEDA_ROLE_MENU (ROLE_ID, MENU_ID)
values ('DevSysAdmin', 'TOOLBOX_INDEX');
insert into JEDA_ROLE_MENU (ROLE_ID, MENU_ID)
values ('DevSysAdmin', 'TOOL_BOX');
insert into JEDA_ROLE_MENU (ROLE_ID, MENU_ID)
values ('DevAppUserOne', 'ALARM_IGNORED');
insert into JEDA_ROLE_MENU (ROLE_ID, MENU_ID)
values ('DevAppUserOne', 'ALARM_INFORMATION');
insert into JEDA_ROLE_MENU (ROLE_ID, MENU_ID)
values ('DevAppUserOne', 'ALARM_TREATED');
insert into JEDA_ROLE_MENU (ROLE_ID, MENU_ID)
values ('DevAppUserOne', 'ALARM_UNTREATED');
insert into JEDA_ROLE_MENU (ROLE_ID, MENU_ID)
values ('DevAppUserOne', 'CmnEnvironment');
insert into JEDA_ROLE_MENU (ROLE_ID, MENU_ID)
values ('DevAppUserOne', 'DplySystemLog');
insert into JEDA_ROLE_MENU (ROLE_ID, MENU_ID)
values ('DevAppUserOne', 'MarOsUser');
insert into JEDA_ROLE_MENU (ROLE_ID, MENU_ID)
values ('DevAppUserOne', 'MarServersSynchronous');
insert into JEDA_ROLE_MENU (ROLE_ID, MENU_ID)
values ('DevAppUserOne', 'MgrAppSystemInfoIndex');
insert into JEDA_ROLE_MENU (ROLE_ID, MENU_ID)
values ('DevAppUserOne', 'SYS_MANAGE');
insert into JEDA_ROLE_MENU (ROLE_ID, MENU_ID)
values ('DevAppUserOne', 'TOOLBOX_EXCINDEX');
insert into JEDA_ROLE_MENU (ROLE_ID, MENU_ID)
values ('DevAppUserOne', 'TOOL_BOX');
insert into JEDA_ROLE_MENU (ROLE_ID, MENU_ID)
values ('ProdAppAdmin', 'ALARM_IGNORED');
insert into JEDA_ROLE_MENU (ROLE_ID, MENU_ID)
values ('ProdAppAdmin', 'ALARM_INFORMATION');
insert into JEDA_ROLE_MENU (ROLE_ID, MENU_ID)
values ('ProdAppAdmin', 'ALARM_TREATED');
insert into JEDA_ROLE_MENU (ROLE_ID, MENU_ID)
values ('ProdAppAdmin', 'ALARM_UNTREATED');
insert into JEDA_ROLE_MENU (ROLE_ID, MENU_ID)
values ('ProdAppAdmin', 'CHECK_CONFIG_EXPORT');
insert into JEDA_ROLE_MENU (ROLE_ID, MENU_ID)
values ('ProdAppAdmin', 'CHECK_CONFIG_IMPORT');
insert into JEDA_ROLE_MENU (ROLE_ID, MENU_ID)
values ('ProdAppAdmin', 'CHECK_CONFIG_MOVE');
insert into JEDA_ROLE_MENU (ROLE_ID, MENU_ID)
values ('ProdAppAdmin', 'CHECK_ERROR_INDEX');
insert into JEDA_ROLE_MENU (ROLE_ID, MENU_ID)
values ('ProdAppAdmin', 'CONFIG_MSG_IMPORT');
insert into JEDA_ROLE_MENU (ROLE_ID, MENU_ID)
values ('ProdAppAdmin', 'CmnEnvironment');
insert into JEDA_ROLE_MENU (ROLE_ID, MENU_ID)
values ('ProdAppAdmin', 'DAYCHECK');
insert into JEDA_ROLE_MENU (ROLE_ID, MENU_ID)
values ('ProdAppAdmin', 'DPLYMANAGER');
insert into JEDA_ROLE_MENU (ROLE_ID, MENU_ID)
values ('ProdAppAdmin', 'DplyExcuteStatus');
insert into JEDA_ROLE_MENU (ROLE_ID, MENU_ID)
values ('ProdAppAdmin', 'DplyRequestInfoIndex');
insert into JEDA_ROLE_MENU (ROLE_ID, MENU_ID)
values ('ProdAppAdmin', 'DplySystemLog');
insert into JEDA_ROLE_MENU (ROLE_ID, MENU_ID)
values ('ProdAppAdmin', 'JOB_DESIGN_INDEX');
insert into JEDA_ROLE_MENU (ROLE_ID, MENU_ID)
values ('ProdAppAdmin', 'JOB_EXCUTE_INDEX');
insert into JEDA_ROLE_MENU (ROLE_ID, MENU_ID)
values ('ProdAppAdmin', 'MarOsUser');
insert into JEDA_ROLE_MENU (ROLE_ID, MENU_ID)
values ('ProdAppAdmin', 'MarServersSynchronous');
insert into JEDA_ROLE_MENU (ROLE_ID, MENU_ID)
values ('ProdAppAdmin', 'MgrAppSystemInfoIndex');
insert into JEDA_ROLE_MENU (ROLE_ID, MENU_ID)
values ('ProdAppAdmin', 'RELEASE_FLOW_MOVE');
insert into JEDA_ROLE_MENU (ROLE_ID, MENU_ID)
values ('ProdAppAdmin', 'RELEASE_PROCESS_MANAGER');
insert into JEDA_ROLE_MENU (ROLE_ID, MENU_ID)
values ('ProdAppAdmin', 'REQUEST_PARAM_LIST');
insert into JEDA_ROLE_MENU (ROLE_ID, MENU_ID)
values ('ProdAppAdmin', 'REQ_SCHEDULE');
insert into JEDA_ROLE_MENU (ROLE_ID, MENU_ID)
values ('ProdAppAdmin', 'SCHEDULE_VIEW');
insert into JEDA_ROLE_MENU (ROLE_ID, MENU_ID)
values ('ProdAppAdmin', 'STEP_SCHEDULE');
insert into JEDA_ROLE_MENU (ROLE_ID, MENU_ID)
values ('ProdAppAdmin', 'SYS_MANAGE');
insert into JEDA_ROLE_MENU (ROLE_ID, MENU_ID)
values ('ProdAppAdmin', 'TOOLBOXEXPIMP');
insert into JEDA_ROLE_MENU (ROLE_ID, MENU_ID)
values ('ProdAppAdmin', 'TOOLBOX_EXCINDEX');
insert into JEDA_ROLE_MENU (ROLE_ID, MENU_ID)
values ('ProdAppAdmin', 'TOOLBOX_IMPORT');
insert into JEDA_ROLE_MENU (ROLE_ID, MENU_ID)
values ('ProdAppAdmin', 'TOOLBOX_INDEX');
insert into JEDA_ROLE_MENU (ROLE_ID, MENU_ID)
values ('ProdAppAdmin', 'TOOL_BOX');
insert into JEDA_ROLE_MENU (ROLE_ID, MENU_ID)
values ('ProdAppChangeManager', 'CmnEnvironment');
insert into JEDA_ROLE_MENU (ROLE_ID, MENU_ID)
values ('ProdAppChangeManager', 'DPLYMANAGER');
insert into JEDA_ROLE_MENU (ROLE_ID, MENU_ID)
values ('ProdAppChangeManager', 'DplyRequestInfoIndex');
insert into JEDA_ROLE_MENU (ROLE_ID, MENU_ID)
values ('ProdAppChangeManager', 'DplySystemLog');
insert into JEDA_ROLE_MENU (ROLE_ID, MENU_ID)
values ('ProdAppChangeManager', 'MarOsUser');
insert into JEDA_ROLE_MENU (ROLE_ID, MENU_ID)
values ('ProdAppChangeManager', 'MarServersSynchronous');
insert into JEDA_ROLE_MENU (ROLE_ID, MENU_ID)
values ('ProdAppChangeManager', 'MgrAppSystemInfoIndex');
insert into JEDA_ROLE_MENU (ROLE_ID, MENU_ID)
values ('ProdAppChangeManager', 'RELEASE_PROCESS_MANAGER');
insert into JEDA_ROLE_MENU (ROLE_ID, MENU_ID)
values ('ProdAppChangeManager', 'REQ_SCHEDULE');
insert into JEDA_ROLE_MENU (ROLE_ID, MENU_ID)
values ('ProdAppChangeManager', 'SCHEDULE_VIEW');
insert into JEDA_ROLE_MENU (ROLE_ID, MENU_ID)
values ('ProdAppChangeManager', 'STEP_SCHEDULE');
insert into JEDA_ROLE_MENU (ROLE_ID, MENU_ID)
values ('ProdAppChangeManager', 'SYS_MANAGE');
insert into JEDA_ROLE_MENU (ROLE_ID, MENU_ID)
values ('ProdAppTeamLeader', 'CmnEnvironment');
insert into JEDA_ROLE_MENU (ROLE_ID, MENU_ID)
values ('ProdAppTeamLeader', 'DPLYMANAGER');
insert into JEDA_ROLE_MENU (ROLE_ID, MENU_ID)
values ('ProdAppTeamLeader', 'DplySystemLog');
insert into JEDA_ROLE_MENU (ROLE_ID, MENU_ID)
values ('ProdAppTeamLeader', 'MarOsUser');
insert into JEDA_ROLE_MENU (ROLE_ID, MENU_ID)
values ('ProdAppTeamLeader', 'MarServersSynchronous');
insert into JEDA_ROLE_MENU (ROLE_ID, MENU_ID)
values ('ProdAppTeamLeader', 'MgrAppSystemInfoIndex');
insert into JEDA_ROLE_MENU (ROLE_ID, MENU_ID)
values ('ProdAppTeamLeader', 'RELEASE_PROCESS_MANAGER');
insert into JEDA_ROLE_MENU (ROLE_ID, MENU_ID)
values ('ProdAppTeamLeader', 'REQ_SCHEDULE');
insert into JEDA_ROLE_MENU (ROLE_ID, MENU_ID)
values ('ProdAppTeamLeader', 'SCHEDULE_VIEW');
insert into JEDA_ROLE_MENU (ROLE_ID, MENU_ID)
values ('ProdAppTeamLeader', 'STEP_SCHEDULE');
insert into JEDA_ROLE_MENU (ROLE_ID, MENU_ID)
values ('ProdAppTeamLeader', 'SYS_MANAGE');
insert into JEDA_ROLE_MENU (ROLE_ID, MENU_ID)
values ('ProdOpeAppUserOne', 'ALARM_IGNORED');
insert into JEDA_ROLE_MENU (ROLE_ID, MENU_ID)
values ('ProdOpeAppUserOne', 'ALARM_INFORMATION');
insert into JEDA_ROLE_MENU (ROLE_ID, MENU_ID)
values ('ProdOpeAppUserOne', 'ALARM_TREATED');
insert into JEDA_ROLE_MENU (ROLE_ID, MENU_ID)
values ('ProdOpeAppUserOne', 'ALARM_UNTREATED');
insert into JEDA_ROLE_MENU (ROLE_ID, MENU_ID)
values ('ProdOpeAppUserOne', 'CmnEnvironment');
insert into JEDA_ROLE_MENU (ROLE_ID, MENU_ID)
values ('ProdOpeAppUserOne', 'DplySystemLog');
insert into JEDA_ROLE_MENU (ROLE_ID, MENU_ID)
values ('ProdOpeAppUserOne', 'MarOsUser');
insert into JEDA_ROLE_MENU (ROLE_ID, MENU_ID)
values ('ProdOpeAppUserOne', 'MarServersSynchronous');
insert into JEDA_ROLE_MENU (ROLE_ID, MENU_ID)
values ('ProdOpeAppUserOne', 'MgrAppSystemInfoIndex');
insert into JEDA_ROLE_MENU (ROLE_ID, MENU_ID)
values ('ProdOpeAppUserOne', 'SYS_MANAGE');
insert into JEDA_ROLE_MENU (ROLE_ID, MENU_ID)
values ('ProdOpeAppUserOne', 'TOOLBOX_EXCINDEX');
insert into JEDA_ROLE_MENU (ROLE_ID, MENU_ID)
values ('ProdOpeAppUserOne', 'TOOL_BOX');
insert into JEDA_ROLE_MENU (ROLE_ID, MENU_ID)
values ('ProdOpeSysUserOne', 'ALARM_IGNORED');
insert into JEDA_ROLE_MENU (ROLE_ID, MENU_ID)
values ('ProdOpeSysUserOne', 'ALARM_INFORMATION');
insert into JEDA_ROLE_MENU (ROLE_ID, MENU_ID)
values ('ProdOpeSysUserOne', 'ALARM_TREATED');
insert into JEDA_ROLE_MENU (ROLE_ID, MENU_ID)
values ('ProdOpeSysUserOne', 'ALARM_UNTREATED');
insert into JEDA_ROLE_MENU (ROLE_ID, MENU_ID)
values ('ProdOpeSysUserOne', 'CmnEnvironment');
insert into JEDA_ROLE_MENU (ROLE_ID, MENU_ID)
values ('ProdOpeSysUserOne', 'DplySystemLog');
insert into JEDA_ROLE_MENU (ROLE_ID, MENU_ID)
values ('ProdOpeSysUserOne', 'MarOsUser');
insert into JEDA_ROLE_MENU (ROLE_ID, MENU_ID)
values ('ProdOpeSysUserOne', 'MarServersSynchronous');
insert into JEDA_ROLE_MENU (ROLE_ID, MENU_ID)
values ('ProdOpeSysUserOne', 'MgrAppSystemInfoIndex');
insert into JEDA_ROLE_MENU (ROLE_ID, MENU_ID)
values ('ProdOpeSysUserOne', 'SYS_MANAGE');
insert into JEDA_ROLE_MENU (ROLE_ID, MENU_ID)
values ('ProdOpeSysUserOne', 'TOOLBOX_EXCINDEX');
insert into JEDA_ROLE_MENU (ROLE_ID, MENU_ID)
values ('ProdOpeSysUserOne', 'TOOL_BOX');
insert into JEDA_ROLE_MENU (ROLE_ID, MENU_ID)
values ('ProdOpeTeamLeader', 'CmnEnvironment');
insert into JEDA_ROLE_MENU (ROLE_ID, MENU_ID)
values ('ProdOpeTeamLeader', 'DplySystemLog');
insert into JEDA_ROLE_MENU (ROLE_ID, MENU_ID)
values ('ProdOpeTeamLeader', 'MarOsUser');
insert into JEDA_ROLE_MENU (ROLE_ID, MENU_ID)
values ('ProdOpeTeamLeader', 'MarServersSynchronous');
commit;

insert into JEDA_ROLE_MENU (ROLE_ID, MENU_ID)
values ('ProdOpeTeamLeader', 'MgrAppSystemInfoIndex');
insert into JEDA_ROLE_MENU (ROLE_ID, MENU_ID)
values ('ProdOpeTeamLeader', 'SYS_MANAGE');
insert into JEDA_ROLE_MENU (ROLE_ID, MENU_ID)
values ('ProdPlatformAdmin', 'CONFIG');
insert into JEDA_ROLE_MENU (ROLE_ID, MENU_ID)
values ('ProdPlatformAdmin', 'CmnEnvironment');
insert into JEDA_ROLE_MENU (ROLE_ID, MENU_ID)
values ('ProdPlatformAdmin', 'DplySystemLog');
insert into JEDA_ROLE_MENU (ROLE_ID, MENU_ID)
values ('ProdPlatformAdmin', 'FUNCTION_LIST');
insert into JEDA_ROLE_MENU (ROLE_ID, MENU_ID)
values ('ProdPlatformAdmin', 'ITEM_LIST');
insert into JEDA_ROLE_MENU (ROLE_ID, MENU_ID)
values ('ProdPlatformAdmin', 'MENU_LIST');
insert into JEDA_ROLE_MENU (ROLE_ID, MENU_ID)
values ('ProdPlatformAdmin', 'MODULE_LIST');
insert into JEDA_ROLE_MENU (ROLE_ID, MENU_ID)
values ('ProdPlatformAdmin', 'MarOsUser');
insert into JEDA_ROLE_MENU (ROLE_ID, MENU_ID)
values ('ProdPlatformAdmin', 'MarServersSynchronous');
insert into JEDA_ROLE_MENU (ROLE_ID, MENU_ID)
values ('ProdPlatformAdmin', 'MgrAppSystemInfoIndex');
insert into JEDA_ROLE_MENU (ROLE_ID, MENU_ID)
values ('ProdPlatformAdmin', 'ORG_LIST');
insert into JEDA_ROLE_MENU (ROLE_ID, MENU_ID)
values ('ProdPlatformAdmin', 'PERMISSION_LIST');
insert into JEDA_ROLE_MENU (ROLE_ID, MENU_ID)
values ('ProdPlatformAdmin', 'PORTLET_LIST');
insert into JEDA_ROLE_MENU (ROLE_ID, MENU_ID)
values ('ProdPlatformAdmin', 'POSITION_LIST');
insert into JEDA_ROLE_MENU (ROLE_ID, MENU_ID)
values ('ProdPlatformAdmin', 'PROPERTY_EDIT');
insert into JEDA_ROLE_MENU (ROLE_ID, MENU_ID)
values ('ProdPlatformAdmin', 'ROLE_LIST');
insert into JEDA_ROLE_MENU (ROLE_ID, MENU_ID)
values ('ProdPlatformAdmin', 'SECURITY');
insert into JEDA_ROLE_MENU (ROLE_ID, MENU_ID)
values ('ProdPlatformAdmin', 'SYS_MANAGE');
insert into JEDA_ROLE_MENU (ROLE_ID, MENU_ID)
values ('ProdPlatformAdmin', 'USER_LIST');
insert into JEDA_ROLE_MENU (ROLE_ID, MENU_ID)
values ('ProdSysAdmin', 'ALARM_IGNORED');
insert into JEDA_ROLE_MENU (ROLE_ID, MENU_ID)
values ('ProdSysAdmin', 'ALARM_INFORMATION');
insert into JEDA_ROLE_MENU (ROLE_ID, MENU_ID)
values ('ProdSysAdmin', 'ALARM_TREATED');
insert into JEDA_ROLE_MENU (ROLE_ID, MENU_ID)
values ('ProdSysAdmin', 'ALARM_UNTREATED');
insert into JEDA_ROLE_MENU (ROLE_ID, MENU_ID)
values ('ProdSysAdmin', 'CHECK_CONFIG_EXPORT');
insert into JEDA_ROLE_MENU (ROLE_ID, MENU_ID)
values ('ProdSysAdmin', 'CHECK_CONFIG_IMPORT');
insert into JEDA_ROLE_MENU (ROLE_ID, MENU_ID)
values ('ProdSysAdmin', 'CHECK_CONFIG_MOVE');
insert into JEDA_ROLE_MENU (ROLE_ID, MENU_ID)
values ('ProdSysAdmin', 'CHECK_ERROR_INDEX');
insert into JEDA_ROLE_MENU (ROLE_ID, MENU_ID)
values ('ProdSysAdmin', 'CmnEnvironment');
insert into JEDA_ROLE_MENU (ROLE_ID, MENU_ID)
values ('ProdSysAdmin', 'DAYCHECK');
insert into JEDA_ROLE_MENU (ROLE_ID, MENU_ID)
values ('ProdSysAdmin', 'DplySystemLog');
insert into JEDA_ROLE_MENU (ROLE_ID, MENU_ID)
values ('ProdSysAdmin', 'JOB_DESIGN_INDEX');
insert into JEDA_ROLE_MENU (ROLE_ID, MENU_ID)
values ('ProdSysAdmin', 'JOB_EXCUTE_INDEX');
insert into JEDA_ROLE_MENU (ROLE_ID, MENU_ID)
values ('ProdSysAdmin', 'MarOsUser');
insert into JEDA_ROLE_MENU (ROLE_ID, MENU_ID)
values ('ProdSysAdmin', 'MarServersSynchronous');
insert into JEDA_ROLE_MENU (ROLE_ID, MENU_ID)
values ('ProdSysAdmin', 'MgrAppSystemInfoIndex');
insert into JEDA_ROLE_MENU (ROLE_ID, MENU_ID)
values ('ProdSysAdmin', 'SYS_MANAGE');
insert into JEDA_ROLE_MENU (ROLE_ID, MENU_ID)
values ('ProdSysAdmin', 'TOOLBOXEXPIMP');
insert into JEDA_ROLE_MENU (ROLE_ID, MENU_ID)
values ('ProdSysAdmin', 'TOOLBOX_EXCINDEX');
insert into JEDA_ROLE_MENU (ROLE_ID, MENU_ID)
values ('ProdSysAdmin', 'TOOLBOX_IMPORT');
insert into JEDA_ROLE_MENU (ROLE_ID, MENU_ID)
values ('ProdSysAdmin', 'TOOLBOX_INDEX');
insert into JEDA_ROLE_MENU (ROLE_ID, MENU_ID)
values ('ProdSysAdmin', 'TOOL_BOX');
insert into JEDA_ROLE_MENU (ROLE_ID, MENU_ID)
values ('ProdSysChangeManager', 'CmnEnvironment');
insert into JEDA_ROLE_MENU (ROLE_ID, MENU_ID)
values ('ProdSysChangeManager', 'DplySystemLog');
insert into JEDA_ROLE_MENU (ROLE_ID, MENU_ID)
values ('ProdSysChangeManager', 'MarOsUser');
insert into JEDA_ROLE_MENU (ROLE_ID, MENU_ID)
values ('ProdSysChangeManager', 'MarServersSynchronous');
insert into JEDA_ROLE_MENU (ROLE_ID, MENU_ID)
values ('ProdSysChangeManager', 'MgrAppSystemInfoIndex');
insert into JEDA_ROLE_MENU (ROLE_ID, MENU_ID)
values ('ProdSysChangeManager', 'SYS_MANAGE');
insert into JEDA_ROLE_MENU (ROLE_ID, MENU_ID)
values ('ProdSysDBAdmin', 'CmnEnvironment');
insert into JEDA_ROLE_MENU (ROLE_ID, MENU_ID)
values ('ProdSysDBAdmin', 'DplySystemLog');
insert into JEDA_ROLE_MENU (ROLE_ID, MENU_ID)
values ('ProdSysDBAdmin', 'MarOsUser');
insert into JEDA_ROLE_MENU (ROLE_ID, MENU_ID)
values ('ProdSysDBAdmin', 'MarServersSynchronous');
insert into JEDA_ROLE_MENU (ROLE_ID, MENU_ID)
values ('ProdSysDBAdmin', 'MgrAppSystemInfoIndex');
insert into JEDA_ROLE_MENU (ROLE_ID, MENU_ID)
values ('ProdSysDBAdmin', 'SYS_MANAGE');
insert into JEDA_ROLE_MENU (ROLE_ID, MENU_ID)
values ('ProdSysMWAdmin', 'CmnEnvironment');
insert into JEDA_ROLE_MENU (ROLE_ID, MENU_ID)
values ('ProdSysMWAdmin', 'DplySystemLog');
insert into JEDA_ROLE_MENU (ROLE_ID, MENU_ID)
values ('ProdSysMWAdmin', 'MarOsUser');
insert into JEDA_ROLE_MENU (ROLE_ID, MENU_ID)
values ('ProdSysMWAdmin', 'MarServersSynchronous');
insert into JEDA_ROLE_MENU (ROLE_ID, MENU_ID)
values ('ProdSysMWAdmin', 'MgrAppSystemInfoIndex');
insert into JEDA_ROLE_MENU (ROLE_ID, MENU_ID)
values ('ProdSysMWAdmin', 'SYS_MANAGE');
insert into JEDA_ROLE_MENU (ROLE_ID, MENU_ID)
values ('ProdSysTeamLeader', 'CmnEnvironment');
insert into JEDA_ROLE_MENU (ROLE_ID, MENU_ID)
values ('ProdSysTeamLeader', 'DplySystemLog');
insert into JEDA_ROLE_MENU (ROLE_ID, MENU_ID)
values ('ProdSysTeamLeader', 'MarOsUser');
insert into JEDA_ROLE_MENU (ROLE_ID, MENU_ID)
values ('ProdSysTeamLeader', 'MarServersSynchronous');
insert into JEDA_ROLE_MENU (ROLE_ID, MENU_ID)
values ('ProdSysTeamLeader', 'MgrAppSystemInfoIndex');
insert into JEDA_ROLE_MENU (ROLE_ID, MENU_ID)
values ('ProdSysTeamLeader', 'SYS_MANAGE');
insert into JEDA_ROLE_MENU (ROLE_ID, MENU_ID)
values ('QaAppAdmin', 'ALARM_IGNORED');
insert into JEDA_ROLE_MENU (ROLE_ID, MENU_ID)
values ('QaAppAdmin', 'ALARM_INFORMATION');
insert into JEDA_ROLE_MENU (ROLE_ID, MENU_ID)
values ('QaAppAdmin', 'ALARM_TREATED');
insert into JEDA_ROLE_MENU (ROLE_ID, MENU_ID)
values ('QaAppAdmin', 'ALARM_UNTREATED');
insert into JEDA_ROLE_MENU (ROLE_ID, MENU_ID)
values ('QaAppAdmin', 'CHECK_CONFIG_EXPORT');
insert into JEDA_ROLE_MENU (ROLE_ID, MENU_ID)
values ('QaAppAdmin', 'CHECK_CONFIG_IMPORT');
insert into JEDA_ROLE_MENU (ROLE_ID, MENU_ID)
values ('QaAppAdmin', 'CHECK_CONFIG_MOVE');
insert into JEDA_ROLE_MENU (ROLE_ID, MENU_ID)
values ('QaAppAdmin', 'CHECK_ERROR_INDEX');
insert into JEDA_ROLE_MENU (ROLE_ID, MENU_ID)
values ('QaAppAdmin', 'DAYCHECK');
insert into JEDA_ROLE_MENU (ROLE_ID, MENU_ID)
values ('QaAppAdmin', 'JOB_DESIGN_INDEX');
insert into JEDA_ROLE_MENU (ROLE_ID, MENU_ID)
values ('QaAppAdmin', 'JOB_EXCUTE_INDEX');
insert into JEDA_ROLE_MENU (ROLE_ID, MENU_ID)
values ('QaAppAdmin', 'TOOLBOXEXPIMP');
insert into JEDA_ROLE_MENU (ROLE_ID, MENU_ID)
values ('QaAppAdmin', 'TOOLBOX_EXCINDEX');
insert into JEDA_ROLE_MENU (ROLE_ID, MENU_ID)
values ('QaAppAdmin', 'TOOLBOX_EXPORT');
insert into JEDA_ROLE_MENU (ROLE_ID, MENU_ID)
values ('QaAppAdmin', 'TOOLBOX_IMPORT');
insert into JEDA_ROLE_MENU (ROLE_ID, MENU_ID)
values ('QaAppAdmin', 'TOOLBOX_INDEX');
insert into JEDA_ROLE_MENU (ROLE_ID, MENU_ID)
values ('QaAppAdmin', 'TOOL_BOX');
insert into JEDA_ROLE_MENU (ROLE_ID, MENU_ID)
values ('QaPlatformAdmin', 'CONFIG');
insert into JEDA_ROLE_MENU (ROLE_ID, MENU_ID)
values ('QaPlatformAdmin', 'CONSOLE_VIEW');
insert into JEDA_ROLE_MENU (ROLE_ID, MENU_ID)
values ('QaPlatformAdmin', 'CmnEnvironment');
insert into JEDA_ROLE_MENU (ROLE_ID, MENU_ID)
values ('QaPlatformAdmin', 'DplySystemLog');
insert into JEDA_ROLE_MENU (ROLE_ID, MENU_ID)
values ('QaPlatformAdmin', 'FUNCTION_LIST');
insert into JEDA_ROLE_MENU (ROLE_ID, MENU_ID)
values ('QaPlatformAdmin', 'ITEM_LIST');
insert into JEDA_ROLE_MENU (ROLE_ID, MENU_ID)
values ('QaPlatformAdmin', 'MENU_LIST');
insert into JEDA_ROLE_MENU (ROLE_ID, MENU_ID)
values ('QaPlatformAdmin', 'MODULE_LIST');
insert into JEDA_ROLE_MENU (ROLE_ID, MENU_ID)
values ('QaPlatformAdmin', 'MarOsUser');
insert into JEDA_ROLE_MENU (ROLE_ID, MENU_ID)
values ('QaPlatformAdmin', 'MarServersSynchronous');
insert into JEDA_ROLE_MENU (ROLE_ID, MENU_ID)
values ('QaPlatformAdmin', 'MgrAppSystemInfoIndex');
insert into JEDA_ROLE_MENU (ROLE_ID, MENU_ID)
values ('QaPlatformAdmin', 'ORG_LIST');
insert into JEDA_ROLE_MENU (ROLE_ID, MENU_ID)
values ('QaPlatformAdmin', 'PERMISSION_LIST');
insert into JEDA_ROLE_MENU (ROLE_ID, MENU_ID)
values ('QaPlatformAdmin', 'PORTLET_LIST');
insert into JEDA_ROLE_MENU (ROLE_ID, MENU_ID)
values ('QaPlatformAdmin', 'POSITION_LIST');
insert into JEDA_ROLE_MENU (ROLE_ID, MENU_ID)
values ('QaPlatformAdmin', 'PROPERTY_EDIT');
commit;

insert into JEDA_ROLE_MENU (ROLE_ID, MENU_ID)
values ('QaPlatformAdmin', 'ROLE_LIST');
insert into JEDA_ROLE_MENU (ROLE_ID, MENU_ID)
values ('QaPlatformAdmin', 'SECURITY');
insert into JEDA_ROLE_MENU (ROLE_ID, MENU_ID)
values ('QaPlatformAdmin', 'SYS_MANAGE');
insert into JEDA_ROLE_MENU (ROLE_ID, MENU_ID)
values ('QaPlatformAdmin', 'USER_LIST');
insert into JEDA_ROLE_MENU (ROLE_ID, MENU_ID)
values ('QaSysAdmin', 'ALARM_IGNORED');
insert into JEDA_ROLE_MENU (ROLE_ID, MENU_ID)
values ('QaSysAdmin', 'ALARM_INFORMATION');
insert into JEDA_ROLE_MENU (ROLE_ID, MENU_ID)
values ('QaSysAdmin', 'ALARM_TREATED');
insert into JEDA_ROLE_MENU (ROLE_ID, MENU_ID)
values ('QaSysAdmin', 'ALARM_UNTREATED');
insert into JEDA_ROLE_MENU (ROLE_ID, MENU_ID)
values ('QaSysAdmin', 'CHECK_CONFIG_EXPORT');
insert into JEDA_ROLE_MENU (ROLE_ID, MENU_ID)
values ('QaSysAdmin', 'CHECK_CONFIG_IMPORT');
insert into JEDA_ROLE_MENU (ROLE_ID, MENU_ID)
values ('QaSysAdmin', 'CHECK_CONFIG_MOVE');
insert into JEDA_ROLE_MENU (ROLE_ID, MENU_ID)
values ('QaSysAdmin', 'CHECK_ERROR_INDEX');
insert into JEDA_ROLE_MENU (ROLE_ID, MENU_ID)
values ('QaSysAdmin', 'DAYCHECK');
insert into JEDA_ROLE_MENU (ROLE_ID, MENU_ID)
values ('QaSysAdmin', 'JOB_DESIGN_INDEX');
insert into JEDA_ROLE_MENU (ROLE_ID, MENU_ID)
values ('QaSysAdmin', 'JOB_EXCUTE_INDEX');
insert into JEDA_ROLE_MENU (ROLE_ID, MENU_ID)
values ('QaSysAdmin', 'TOOLBOXEXPIMP');
insert into JEDA_ROLE_MENU (ROLE_ID, MENU_ID)
values ('QaSysAdmin', 'TOOLBOX_EXCINDEX');
insert into JEDA_ROLE_MENU (ROLE_ID, MENU_ID)
values ('QaSysAdmin', 'TOOLBOX_EXPORT');
insert into JEDA_ROLE_MENU (ROLE_ID, MENU_ID)
values ('QaSysAdmin', 'TOOLBOX_IMPORT');
insert into JEDA_ROLE_MENU (ROLE_ID, MENU_ID)
values ('QaSysAdmin', 'TOOLBOX_INDEX');
insert into JEDA_ROLE_MENU (ROLE_ID, MENU_ID)
values ('QaSysAdmin', 'TOOL_BOX');
insert into JEDA_ROLE_MENU (ROLE_ID, MENU_ID)
values ('QaTestUser', 'CONFIG_MSG_EXPORT');
insert into JEDA_ROLE_MENU (ROLE_ID, MENU_ID)
values ('QaTestUser', 'CONFIG_MSG_IMPORT');
insert into JEDA_ROLE_MENU (ROLE_ID, MENU_ID)
values ('QaTestUser', 'CmnEnvironment');
insert into JEDA_ROLE_MENU (ROLE_ID, MENU_ID)
values ('QaTestUser', 'DPLYMANAGER');
insert into JEDA_ROLE_MENU (ROLE_ID, MENU_ID)
values ('QaTestUser', 'DplyExcuteStatus');
insert into JEDA_ROLE_MENU (ROLE_ID, MENU_ID)
values ('QaTestUser', 'DplyRequestInfoIndex');
insert into JEDA_ROLE_MENU (ROLE_ID, MENU_ID)
values ('QaTestUser', 'DplySystemLog');
insert into JEDA_ROLE_MENU (ROLE_ID, MENU_ID)
values ('QaTestUser', 'MarOsUser');
insert into JEDA_ROLE_MENU (ROLE_ID, MENU_ID)
values ('QaTestUser', 'MarServersSynchronous');
insert into JEDA_ROLE_MENU (ROLE_ID, MENU_ID)
values ('QaTestUser', 'MgrAppSystemInfoIndex');
insert into JEDA_ROLE_MENU (ROLE_ID, MENU_ID)
values ('QaTestUser', 'RELEASE_FLOW_MOVE');
insert into JEDA_ROLE_MENU (ROLE_ID, MENU_ID)
values ('QaTestUser', 'RELEASE_PROCESS_MANAGER');
insert into JEDA_ROLE_MENU (ROLE_ID, MENU_ID)
values ('QaTestUser', 'REQUEST_PARAM_LIST');
insert into JEDA_ROLE_MENU (ROLE_ID, MENU_ID)
values ('QaTestUser', 'SYS_MANAGE');
insert into JEDA_ROLE_MENU (ROLE_ID, MENU_ID)
values ('QaAppUserOne', 'ALARM_IGNORED');
insert into JEDA_ROLE_MENU (ROLE_ID, MENU_ID)
values ('QaAppUserOne', 'ALARM_INFORMATION');
insert into JEDA_ROLE_MENU (ROLE_ID, MENU_ID)
values ('QaAppUserOne', 'ALARM_TREATED');
insert into JEDA_ROLE_MENU (ROLE_ID, MENU_ID)
values ('QaAppUserOne', 'ALARM_UNTREATED');
insert into JEDA_ROLE_MENU (ROLE_ID, MENU_ID)
values ('QaAppUserOne', 'CmnEnvironment');
insert into JEDA_ROLE_MENU (ROLE_ID, MENU_ID)
values ('QaAppUserOne', 'DplySystemLog');
insert into JEDA_ROLE_MENU (ROLE_ID, MENU_ID)
values ('QaAppUserOne', 'MarOsUser');
insert into JEDA_ROLE_MENU (ROLE_ID, MENU_ID)
values ('QaAppUserOne', 'MarServersSynchronous');
insert into JEDA_ROLE_MENU (ROLE_ID, MENU_ID)
values ('QaAppUserOne', 'MgrAppSystemInfoIndex');
insert into JEDA_ROLE_MENU (ROLE_ID, MENU_ID)
values ('QaAppUserOne', 'SYS_MANAGE');
insert into JEDA_ROLE_MENU (ROLE_ID, MENU_ID)
values ('QaAppUserOne', 'TOOLBOX_EXCINDEX');
insert into JEDA_ROLE_MENU (ROLE_ID, MENU_ID)
values ('QaAppUserOne', 'TOOL_BOX');
commit;

insert into JEDA_ROLE_POSITION (ROLE_ID, POSITION_ID)
values ('DevAppAdmin', '111');
insert into JEDA_ROLE_POSITION (ROLE_ID, POSITION_ID)
values ('DevAppDplyUser', '111');
insert into JEDA_ROLE_POSITION (ROLE_ID, POSITION_ID)
values ('DevPlatformAdmin', '111');
insert into JEDA_ROLE_POSITION (ROLE_ID, POSITION_ID)
values ('DevSysAdmin', '111');
insert into JEDA_ROLE_POSITION (ROLE_ID, POSITION_ID)
values ('ProdAppAdmin', '108');
insert into JEDA_ROLE_POSITION (ROLE_ID, POSITION_ID)
values ('ProdAppChangeManager', '108');
insert into JEDA_ROLE_POSITION (ROLE_ID, POSITION_ID)
values ('ProdAppTeamLeader', '108');
insert into JEDA_ROLE_POSITION (ROLE_ID, POSITION_ID)
values ('ProdOpeAppUserOne', '110');
insert into JEDA_ROLE_POSITION (ROLE_ID, POSITION_ID)
values ('ProdOpeSysUserOne', '110');
insert into JEDA_ROLE_POSITION (ROLE_ID, POSITION_ID)
values ('ProdOpeTeamLeader', '110');
insert into JEDA_ROLE_POSITION (ROLE_ID, POSITION_ID)
values ('ProdPlatformAdmin', '108');
insert into JEDA_ROLE_POSITION (ROLE_ID, POSITION_ID)
values ('ProdSysAdmin', '109');
insert into JEDA_ROLE_POSITION (ROLE_ID, POSITION_ID)
values ('ProdSysChangeManager', '109');
insert into JEDA_ROLE_POSITION (ROLE_ID, POSITION_ID)
values ('ProdSysDBAdmin', '109');
insert into JEDA_ROLE_POSITION (ROLE_ID, POSITION_ID)
values ('ProdSysMWAdmin', '109');
insert into JEDA_ROLE_POSITION (ROLE_ID, POSITION_ID)
values ('ProdSysTeamLeader', '109');
insert into JEDA_ROLE_POSITION (ROLE_ID, POSITION_ID)
values ('QaAppAdmin', '112');
insert into JEDA_ROLE_POSITION (ROLE_ID, POSITION_ID)
values ('QaPlatformAdmin', '112');
insert into JEDA_ROLE_POSITION (ROLE_ID, POSITION_ID)
values ('QaSysAdmin', '112');
insert into JEDA_ROLE_POSITION (ROLE_ID, POSITION_ID)
values ('QaTestUser', '112');
commit;

insert into JEDA_SEQUENCES (SEQUENCE_NAME, NEXT_VAL)
values ('POSITION', 114);
insert into JEDA_SEQUENCES (SEQUENCE_NAME, NEXT_VAL)
values ('SUBITEM', 1236);
insert into JEDA_SEQUENCES (SEQUENCE_NAME, NEXT_VAL)
values ('FIELD', 1001);
commit;

insert into CMN_ROLE_PRODUCT(PRO_ROLE_ID,PRO_ROLE_NAME,PRO_ROLE_DESC,PRO_ROLE_TYPE,PRO_ROLE_ACTION)
values ('executor','executor','Able to start requests ','0','Start, block, problem, complete step');
insert into CMN_ROLE_PRODUCT(PRO_ROLE_ID,PRO_ROLE_NAME,PRO_ROLE_DESC,PRO_ROLE_TYPE,PRO_ROLE_ACTION)
values ('deployment_coordinator','deployment_coordinator','Able to create, start and stop requests Able to add applications and environments ','0','Request actions');
insert into CMN_ROLE_PRODUCT(PRO_ROLE_ID,PRO_ROLE_NAME,PRO_ROLE_DESC,PRO_ROLE_TYPE,PRO_ROLE_ACTION)
values ('deployer','deployer','Able to create, start and stop requests Able to add applications and environments Create and edit automation ','0','Request actions Create and edit automation');
insert into CMN_ROLE_PRODUCT(PRO_ROLE_ID,PRO_ROLE_NAME,PRO_ROLE_DESC,PRO_ROLE_TYPE,PRO_ROLE_ACTION)
values ('requestor','requestor','Able to work requests Able to work on steps','0','Create request All user actions');
insert into CMN_ROLE_PRODUCT(PRO_ROLE_ID,PRO_ROLE_NAME,PRO_ROLE_DESC,PRO_ROLE_TYPE,PRO_ROLE_ACTION)
values ('user','user','Able to work on steps ','0','Start, block, problem, complete step');
commit;

insert into CMN_ROLE_BRPM (ROLE_ID, PRO_ROLE_ID)
values ('ProdAppChangeManager', 'user');
insert into CMN_ROLE_BRPM (ROLE_ID, PRO_ROLE_ID)
values ('ProdAppAdmin', 'deployer');
insert into CMN_ROLE_BRPM (ROLE_ID, PRO_ROLE_ID)
values ('QaTestUser', 'deployer');
insert into CMN_ROLE_BRPM (ROLE_ID, PRO_ROLE_ID)
values ('DevAppDplyUser', 'deployer');
insert into CMN_ROLE_BRPM (ROLE_ID, PRO_ROLE_ID)
values ('ProdAppTeamLeader', 'user');
commit;

